證券代號,證券名稱,外陸資買進股數(不含外資自營商),外陸資賣出股數(不含外資自營商),外陸資買賣超股數(不含外資自營商),外資自營商買進股數,外資自營商賣出股數,外資自營商買賣超股數,投信買進股數,投信賣出股數,投信買賣超股數,自營商買賣超股數,自營商買進股數(自行買賣),自營商賣出股數(自行買賣),自營商買賣超股數(自行買賣),自營商買進股數(避險),自營商賣出股數(避險),自營商買賣超股數(避險),三大法人買賣超股數
00679B,元大美債20年,"103,048,700","28,045,672","75,003,028",0.0,0.0,0.0,"150,000",0,"150,000","118,517,068","1,903,000","5,393,000","-3,490,000","126,748,798","4,741,730","122,007,068","193,670,096"
00687B,國泰20年美債,"155,325,727","21,795,000","133,530,727",0.0,0.0,0.0,0,0,0,"76,614,178","160,000","1,020,000","-860,000","81,850,123","4,375,945","77,474,178","210,144,905"
00694B,富邦美債1-3,"62,000","29,000","33,000",0.0,0.0,0.0,0,0,0,"-14,000",0,0,0,"56,000","70,000","-14,000","19,000"
00695B,富邦美債7-10,"11,000","35,000","-24,000",0.0,0.0,0.0,0,0,0,"-86,007",0,0,0,"209,993","296,000","-86,007","-110,007"
00696B,富邦美債20年,"93,871,000","905,000","92,966,000",0.0,0.0,0.0,0,0,0,"1,452,749",0,0,0,"4,122,749","2,670,000","1,452,749","94,418,749"
00697B,元大美債7-10,"221,000","357,000","-136,000",0.0,0.0,0.0,0,0,0,"-440,000",0,0,0,"121,000","561,000","-440,000","-576,000"
00718B,富邦中國政策債,0,0,0,0.0,0.0,0.0,0,0,0,"-4,000",0,0,0,"100,000","104,000","-4,000","-4,000"
00719B,元大美債1-3,"1,048,200","1,601,000","-552,800",0.0,0.0,0.0,"2,160,000",0,"2,160,000","-294,000","70,000","120,000","-50,000","341,000","585,000","-244,000","1,313,200"
00720B,元大投資級公司債,"48,582,097","9,633,000","38,949,097",0.0,0.0,0.0,0,0,0,"11,278,000","132,000",0,"132,000","11,546,000","400,000","11,146,000","50,227,097"
00722B,群益投資級電信債,"4,684,300","629,000","4,055,300",0.0,0.0,0.0,0,0,0,"271,000","9,000",0,"9,000","876,000","614,000","262,000","4,326,300"
00723B,群益投資級科技債,"16,000","29,000","-13,000",0.0,0.0,0.0,0,0,0,"35,000",0,0,0,"85,000","50,000","35,000","22,000"
00724B,群益投資級金融債,"2,558,000","830,000","1,728,000",0.0,0.0,0.0,0,0,0,"2,709",0,0,0,"576,000","573,291","2,709","1,730,709"
00725B,國泰投資級公司債,"25,452,000","8,511,000","16,941,000",0.0,0.0,0.0,0,0,0,"3,730,762","413,000","404,000","9,000","4,838,000","1,116,238","3,721,762","20,671,762"
00726B,國泰新興投等債,"310,000","56,000","254,000",0.0,0.0,0.0,0,0,0,0,0,0,0,0,0,0,"254,000"
00727B,國泰優選非投等債,"98,000","63,000","35,000",0.0,0.0,0.0,0,0,0,"101,323",0,0,0,"102,000",677,"101,323","136,323"
00734B,台新JPM新興債,"76,000",0,"76,000",0.0,0.0,0.0,0,0,0,"1,000",0,0,0,"435,000","434,000","1,000","77,000"
00740B,富邦全球投等債,"2,837,000","578,000","2,259,000",0.0,0.0,0.0,0,0,0,"826,086","4,000","230,000","-226,000","2,053,000","1,000,914","1,052,086","3,085,086"
00741B,富邦全球非投等債,"111,000","6,000","105,000",0.0,0.0,0.0,0,0,0,"59,999",0,0,0,"260,000","200,001","59,999","164,999"
00746B,富邦A級公司債,"785,000","2,000","783,000",0.0,0.0,0.0,0,0,0,"-606,992",0,0,0,"10,008","617,000","-606,992","176,008"
00749B,凱基新興債10+,"2,000","62,000","-60,000",0.0,0.0,0.0,0,0,0,"64,000",0,0,0,"64,000",0,"64,000","4,000"
00750B,凱基科技債10+,"1,000","1,000",0,0.0,0.0,0.0,0,0,0,0,0,0,0,0,0,0,0
00751B,元大AAA至A公司債,"125,694,501","5,780,000","119,914,501",0.0,0.0,0.0,0,0,0,"7,048,287",0,0,0,"7,518,287","470,000","7,048,287","126,962,788"
00754B,群益AAA-AA公司債,"84,000","16,000","68,000",0.0,0.0,0.0,0,0,0,"20,000",0,0,0,"70,000","50,000","20,000","88,000"
00755B,群益投資級公用債,"71,000","108,000","-37,000",0.0,0.0,0.0,0,0,0,"115,019",19,0,19,"205,000","90,000","115,000","78,019"
00756B,群益投等新興公債,"143,000","98,000","45,000",0.0,0.0,0.0,0,0,0,"186,000",0,0,0,"236,000","50,000","186,000","231,000"
00758B,復華能源債,"6,000","30,000","-24,000",0.0,0.0,0.0,0,0,0,"29,999",0,0,0,"30,000",1,"29,999","5,999"
00760B,復華新興企業債,"28,000","2,000","26,000",0.0,0.0,0.0,0,0,0,"18,772",0,0,0,"19,000",228,"18,772","44,772"
00761B,國泰A級公司債,"1,009,000","166,000","843,000",0.0,0.0,0.0,0,0,0,"121,000",0,0,0,"183,000","62,000","121,000","964,000"
00764B,群益25年美債,"7,464,000","1,342,000","6,122,000",0.0,0.0,0.0,0,0,0,"1,895,202",0,0,0,"3,709,202","1,814,000","1,895,202","8,017,202"
00768B,復華20年美債,"1,530,000","450,000","1,080,000",0.0,0.0,0.0,0,0,0,"-1,403,000",0,"1,600,000","-1,600,000","966,000","769,000","197,000","-323,000"
00772B,中信高評級公司債,"15,975,000","3,885,000","12,090,000",0.0,0.0,0.0,0,0,0,"4,872,993","118,000","496,000","-378,000","5,599,993","349,000","5,250,993","16,962,993"
00773B,中信優先金融債,"2,240,000","640,000","1,600,000",0.0,0.0,0.0,0,0,0,"205,000",0,0,0,"1,534,000","1,329,000","205,000","1,805,000"
00777B,凱基AAA至A公司債,"1,000","2,000","-1,000",0.0,0.0,0.0,0,0,0,0,0,0,0,0,0,0,"-1,000"
00778B,凱基金融債20+,0,"27,000","-27,000",0.0,0.0,0.0,0,0,0,"28,000",0,0,0,"28,000",0,"28,000","1,000"
00779B,凱基美債25+,"427,000","149,000","278,000",0.0,0.0,0.0,0,0,0,"181,000",0,0,0,"283,000","102,000","181,000","459,000"
00780B,國泰A級金融債,"117,000","2,000","115,000",0.0,0.0,0.0,0,0,0,"12,000",0,0,0,"12,000",0,"12,000","127,000"
00781B,國泰A級科技債,"8,000",0,"8,000",0.0,0.0,0.0,0,0,0,"24,000",0,0,0,"24,000",0,"24,000","32,000"
00782B,國泰A級公用債,"85,000","34,000","51,000",0.0,0.0,0.0,0,0,0,"29,999",0,0,0,"30,000",1,"29,999","80,999"
00784B,富邦中國投等債,0,"1,000","-1,000",0.0,0.0,0.0,0,0,0,0,0,0,0,0,0,0,"-1,000"
00785B,富邦金融投等債,0,"5,000","-5,000",0.0,0.0,0.0,0,0,0,0,0,0,0,0,0,0,"-5,000"
00786B,元大10年IG銀行債,"157,000","18,000","139,000",0.0,0.0,0.0,0,0,0,"245,000",0,0,0,"245,000",0,"245,000","384,000"
00787B,元大10年IG醫療債,"98,000","28,000","70,000",0.0,0.0,0.0,0,0,0,"95,000",0,0,0,"95,000",0,"95,000","165,000"
00788B,元大10年IG電能債,"44,000","24,000","20,000",0.0,0.0,0.0,0,0,0,"87,000",0,0,0,"87,000",0,"87,000","107,000"
00789B,復華公司債A3,"385,000","200,000","185,000",0.0,0.0,0.0,0,0,0,"-134,000",0,0,0,"246,000","380,000","-134,000","51,000"
00792B,群益A級公司債,"27,000","3,000","24,000",0.0,0.0,0.0,0,0,0,"12,000",0,0,0,"70,000","58,000","12,000","36,000"
00793B,群益AAA-A醫療債,"19,000",0,"19,000",0.0,0.0,0.0,0,0,0,"1,000",0,0,0,"51,000","50,000","1,000","20,000"
00794B,群益7+中國政金債,0,0,0,0.0,0.0,0.0,0,0,0,"-1,000",0,0,0,"50,000","51,000","-1,000","-1,000"
00795B,中信美國公債20年,"33,016,000","4,310,000","28,706,000",0.0,0.0,0.0,"226,000",0,"226,000","21,384,997",0,"12,000","-12,000","22,708,997","1,312,000","21,396,997","50,316,997"
00799B,國泰A級醫療債,"26,000",0,"26,000",0.0,0.0,0.0,0,0,0,0,0,0,0,0,0,0,"26,000"
00834B,第一金金融債10+,"2,000","7,000","-5,000",0.0,0.0,0.0,0,0,0,"10,000",0,0,0,"10,000",0,"10,000","5,000"
00836B,永豐10年A公司債,"7,000","152,000","-145,000",0.0,0.0,0.0,0,0,0,"170,000",0,0,0,"170,000",0,"170,000","25,000"
00840B,凱基IG精選15+,0,"13,000","-13,000",0.0,0.0,0.0,0,0,0,"13,000",0,0,0,"13,000",0,"13,000",0
00842B,台新美元銀行債,0,0,0,0.0,0.0,0.0,0,0,0,0,0,0,0,"100,000","100,000",0,0
00844B,新光15年IG金融債,"135,000",0,"135,000",0.0,0.0,0.0,0,0,0,"35,000",0,0,0,"35,000",0,"35,000","170,000"
00845B,富邦新興投等債,0,"1,000","-1,000",0.0,0.0,0.0,0,0,0,0,0,0,0,0,0,0,"-1,000"
00846B,富邦歐洲銀行債,0,0,0,0.0,0.0,0.0,0,0,0,"-1,000",0,0,0,0,"1,000","-1,000","-1,000"
00847B,中信美國市政債,"2,000","4,000","-2,000",0.0,0.0,0.0,0,0,0,"7,000",0,0,0,"206,000","199,000","7,000","5,000"
00848B,中信新興亞洲債,0,"43,000","-43,000",0.0,0.0,0.0,0,0,0,"42,000",0,0,0,"243,000","201,000","42,000","-1,000"
00849B,中信EM主權債0-5,"1,000","1,000",0,0.0,0.0,0.0,0,0,0,"20,767",0,0,0,"223,362","202,595","20,767","20,767"
00853B,統一美債10年Aa-A,"24,000","31,059","-7,059",0.0,0.0,0.0,0,0,0,"1,000",0,0,0,"1,000",0,"1,000","-6,059"
00856B,永豐1-3年美公債,0,0,0,0.0,0.0,0.0,0,0,0,"8,000",0,0,0,"8,000",0,"8,000","8,000"
00857B,永豐20年美公債,"15,122,000","2,062,000","13,060,000",0.0,0.0,0.0,0,0,0,"4,971,047",0,0,0,"5,173,047","202,000","4,971,047","18,031,047"
00858,永豐美國500大,"1,029,570","1,336,000","-306,430",0.0,0.0,0.0,0,0,0,"1,068,106",0,0,0,"1,426,889","358,783","1,068,106","761,676"
00859B,群益0-1年美債,"3,000","6,000","-3,000",0.0,0.0,0.0,0,0,0,"50,043",0,0,0,"66,000","15,957","50,043","47,043"
00860B,群益1-5Y投資級債,"35,000",0,"35,000",0.0,0.0,0.0,0,0,0,"1,534",0,0,0,"2,446",912,"1,534","36,534"
00862B,中信投資級公司債,"299,000","54,000","245,000",0.0,0.0,0.0,0,0,0,"143,000",0,0,0,"349,000","206,000","143,000","388,000"
00863B,中信全球電信債,0,"29,000","-29,000",0.0,0.0,0.0,0,0,0,"38,000",0,0,0,"238,000","200,000","38,000","9,000"
00864B,中信美國公債0-1,"1,635,000","622,000","1,013,000",0.0,0.0,0.0,"928,000",0,"928,000","1,178,000",0,"130,000","-130,000","2,116,000","808,000","1,308,000","3,119,000"
00867B,新光A-BBB電信債,"15,000","3,000","12,000",0.0,0.0,0.0,0,0,0,0,0,0,0,0,0,0,"12,000"
00870B,元大15年EM主權債,0,"43,000","-43,000",0.0,0.0,0.0,0,0,0,"43,000",0,0,0,"43,000",0,"43,000",0
00877,復華中國5G,"1,085,000","1,280,000","-195,000",0.0,0.0,0.0,0,0,0,"1,390,159",0,0,0,"1,941,624","551,465","1,390,159","1,195,159"
00883B,中信ESG投資級債,"3,028","2,000","1,028",0.0,0.0,0.0,0,0,0,"13,000",0,0,0,"215,000","202,000","13,000","14,028"
00884B,中信低碳新興債,0,"2,000","-2,000",0.0,0.0,0.0,0,0,0,"10,862",0,0,0,"211,523","200,661","10,862","8,862"
00886,永豐美國科技,0,79,-79,0.0,0.0,0.0,0,0,0,"23,050",0,0,0,"40,255","17,205","23,050","22,971"
00887,永豐中國科技50大,"27,602,000","7,386,000","20,216,000",0.0,0.0,0.0,0,0,0,"9,294,451",0,0,0,"11,127,783","1,833,332","9,294,451","29,510,451"
00888,永豐台灣ESG,"3,600","1,000","2,600",0.0,0.0,0.0,0,0,0,"629,807",0,0,0,"1,048,000","418,193","629,807","632,407"
00890B,凱基ESG BBB債15+,"78,000","1,000","77,000",0.0,0.0,0.0,0,0,0,"30,000",0,0,0,"30,000",0,"30,000","107,000"
00928,中信上櫃ESG 30,"1,148",0,"1,148",0.0,0.0,0.0,0,0,0,"-15,993",0,0,0,0,"15,993","-15,993","-14,845"
00931B,統一美債20年,"24,985,000","7,096,500","17,888,500",0.0,0.0,0.0,0,0,0,"3,519,389",0,0,0,"7,037,389","3,518,000","3,519,389","21,407,889"
00933B,國泰10Y+金融債,"57,420,000","15,131,000","42,289,000",0.0,0.0,0.0,0,0,0,"2,896,000","14,000",0,"14,000","3,212,000","330,000","2,882,000","45,185,000"
00937B,群益ESG投等債20+,"323,097,200","42,252,000","280,845,200",0.0,0.0,0.0,0,0,0,"73,073,000","301,000","1,192,000","-891,000","78,851,000","4,887,000","73,964,000","353,918,200"
00942B,台新美A公司債20+,"11,002,000","1,638,000","9,364,000",0.0,0.0,0.0,0,0,0,"1,883,000",0,0,0,"2,390,000","507,000","1,883,000","11,247,000"
00948B,中信優息投資級債,"55,870,000","3,648,000","52,222,000",0.0,0.0,0.0,"10,500,000",0,"10,500,000","8,150,094",0,0,0,"9,270,000","1,119,906","8,150,094","70,872,094"
00950B,凱基A級公司債,"35,832,000","2,924,000","32,908,000",0.0,0.0,0.0,0,0,0,"2,452,588",0,0,0,"2,588,000","135,412","2,452,588","35,360,588"
00955,中信日本商社,"981,000","1,714,000","-733,000",0.0,0.0,0.0,0,0,0,"-2,320,216","97,000",0,"97,000","861,000","3,278,216","-2,417,216","-3,053,216"
00957B,兆豐US優選投等債,"87,000","84,000","3,000",0.0,0.0,0.0,0,0,0,"436,000",0,0,0,"476,000","40,000","436,000","439,000"
00958B,永豐ESG銀行債15+,"669,000","196,000","473,000",0.0,0.0,0.0,0,0,0,"2,521,000",0,0,0,"2,926,000","405,000","2,521,000","2,994,000"
00959B,大華投等美債15Y+,"4,061,000","5,205,000","-1,144,000",0.0,0.0,0.0,0,0,0,"20,641,573",0,0,0,"20,870,000","228,427","20,641,573","19,497,573"
00966B,統一ESG投等債15+,"143,000","1,000","142,000",0.0,0.0,0.0,0,0,0,"2,845,000",0,0,0,"3,333,000","488,000","2,845,000","2,987,000"
00967B,元大優息美債,"126,000","1,077,000","-951,000",0.0,0.0,0.0,0,0,0,"222,998",0,0,0,"2,143,000","1,920,002","222,998","-728,002"
00968B,元大優息投等債,"6,392,000","2,402,000","3,990,000",0.0,0.0,0.0,0,0,0,"4,538,000","14,000",0,"14,000","4,572,000","48,000","4,524,000","8,528,000"
00969B,元大零息超長美債,"683,000","416,000","267,000",0.0,0.0,0.0,0,0,0,"6,545,000",0,0,0,"6,601,000","56,000","6,545,000","6,812,000"
00970B,新光BBB投等債20+,"1,872,000","2,335,000","-463,000",0.0,0.0,0.0,0,0,0,"1,524,461",0,0,0,"5,945,000","4,420,539","1,524,461","1,061,461"
00980B,台新特選IG債10+,"288,000","6,000","282,000",0.0,0.0,0.0,0,0,0,"1,546,000",0,0,0,"1,546,000",0,"1,546,000","1,828,000"
00981B,第一金優選非投債,"192,000","497,000","-305,000",0.0,0.0,0.0,0,0,0,"679,000",0,0,0,"1,269,000","590,000","679,000","374,000"
1240,茂生農經,"6,000","9,000","-3,000",0.0,0.0,0.0,0,0,0,0,0,0,0,0,0,0,"-3,000"
1259,安心,0,"1,000","-1,000",0.0,0.0,0.0,0,0,0,0,0,0,0,0,0,0,"-1,000"
1264,德麥,"15,000","35,000","-20,000",0.0,0.0,0.0,0,0,0,0,0,0,0,0,0,0,"-20,000"
1268,漢來美食,0,0,0,0.0,0.0,0.0,0,0,0,-59,0,0,0,0,59,-59,-59
1336,台翰,0,0,0,0.0,0.0,0.0,0,0,0,-159,0,0,0,0,159,-159,-159
1565,精華,0,"6,000","-6,000",0.0,0.0,0.0,0,0,0,"-6,844",0,"1,000","-1,000",0,"5,844","-5,844","-12,844"
1569,濱川,"23,000",0,"23,000",0.0,0.0,0.0,0,0,0,"-4,016",0,0,0,0,"4,016","-4,016","18,984"
1584,精剛,"24,000",0,"24,000",0.0,0.0,0.0,0,0,0,0,0,0,0,0,0,0,"24,000"
1586,和勤,"84,000","39,000","45,000",0.0,0.0,0.0,0,0,0,0,0,0,0,0,0,0,"45,000"
1591,駿吉-KY,"2,908",0,"2,908",0.0,0.0,0.0,0,0,0,-1,0,0,0,0,1,-1,"2,907"
1595,川寶,0,0,0,0.0,0.0,0.0,0,0,0,-1,0,0,0,0,1,-1,-1
1742,台蠟,"2,000",0,"2,000",0.0,0.0,0.0,0,0,0,0,0,0,0,0,0,0,"2,000"
1777,生泰,"8,000",0,"8,000",0.0,0.0,0.0,0,0,0,"-1,674",0,0,0,0,"1,674","-1,674","6,326"
1781,合世,0,0,0,0.0,0.0,0.0,0,0,0,826,0,0,0,"2,000","1,174",826,826
1784,訊聯,"1,000",0,"1,000",0.0,0.0,0.0,0,0,0,0,0,0,0,0,0,0,"1,000"
1785,光洋科,"96,000",0,"96,000",0.0,0.0,0.0,0,0,0,0,0,0,0,0,0,0,"96,000"
1788,杏昌,"30,000","19,000","11,000",0.0,0.0,0.0,0,0,0,0,0,0,0,0,0,0,"11,000"
1799,易威,"5,000",0,"5,000",0.0,0.0,0.0,0,0,0,0,0,0,0,0,0,0,"5,000"
1815,富喬,"9,050",0,"9,050",0.0,0.0,0.0,0,0,0,"-1,998",0,0,0,0,"1,998","-1,998","7,052"
02001B,統一美國政府債N,0,0,0,0.0,0.0,0.0,0,0,0,"8,000",0,0,0,"8,000",0,"8,000","8,000"
2035,唐榮,"2,000",0,"2,000",0.0,0.0,0.0,0,0,0,0,0,0,0,0,0,0,"2,000"
2063,世鎧,0,"19,000","-19,000",0.0,0.0,0.0,0,0,0,0,0,0,0,0,0,0,"-19,000"
2064,晉椿,0,"3,000","-3,000",0.0,0.0,0.0,0,0,0,0,0,0,0,0,0,0,"-3,000"
2065,世豐,"6,000","92,000","-86,000",0.0,0.0,0.0,0,0,0,0,0,0,0,0,0,0,"-86,000"
2066,世德,"24,000",0,"24,000",0.0,0.0,0.0,0,0,0,-927,0,0,0,0,927,-927,"23,073"
2070,精湛,"108,000",0,"108,000",0.0,0.0,0.0,0,0,0,0,0,0,0,0,0,0,"108,000"
2221,大甲,"5,000","4,000","1,000",0.0,0.0,0.0,0,0,0,0,0,0,0,0,0,0,"1,000"
2230,泰茂,0,0,0,0.0,0.0,0.0,0,0,0,-6,0,0,0,0,6,-6,-6
2596,綠意,"4,000",0,"4,000",0.0,0.0,0.0,0,0,0,0,0,0,0,0,0,0,"4,000"
2640,大車隊,"55,000","24,043","30,957",0.0,0.0,0.0,0,0,0,"-25,000",0,"25,000","-25,000",0,0,0,"5,957"
2641,正德,"15,000",0,"15,000",0.0,0.0,0.0,0,0,0,"-363,667",0,"60,000","-60,000",0,"303,667","-303,667","-348,667"
2643,捷迅,0,"17,000","-17,000",0.0,0.0,0.0,0,0,0,0,0,0,0,0,0,0,"-17,000"
2719,燦星旅,"1,000",0,"1,000",0.0,0.0,0.0,0,0,0,804,0,0,0,"1,000",196,804,"1,804"
2724,藝舍-KY,0,0,0,0.0,0.0,0.0,0,0,0,-14,0,14,-14,0,0,0,-14
2729,瓦城,"18,010","27,200","-9,190",0.0,0.0,0.0,0,0,0,-603,0,0,0,"1,397","2,000",-603,"-9,793"
2732,六角,0,0,0,0.0,0.0,0.0,0,0,0,-178,0,0,0,0,178,-178,-178
2734,易飛網,0,0,0,0.0,0.0,0.0,0,0,0,198,0,0,0,"1,000",802,198,198
2736,富野,"9,000",0,"9,000",0.0,0.0,0.0,0,0,0,0,0,0,0,0,0,0,"9,000"
2743,山富,"2,000",0,"2,000",0.0,0.0,0.0,0,0,0,"-1,039",0,0,0,0,"1,039","-1,039",961
2745,五福,0,0,0,0.0,0.0,0.0,0,0,0,-464,0,0,0,0,464,-464,-464
2751,王座,0,"1,000","-1,000",0.0,0.0,0.0,0,0,0,0,0,0,0,0,0,0,"-1,000"
2754,亞洲藏壽司,"1,000",0,"1,000",0.0,0.0,0.0,0,0,0,-99,0,0,0,0,99,-99,901
2756,聯發國際,"1,000","5,000","-4,000",0.0,0.0,0.0,0,0,0,0,0,0,0,0,0,0,"-4,000"
2916,滿心,"15,000","8,000","7,000",0.0,0.0,0.0,0,0,0,0,0,0,0,0,0,0,"7,000"
2924,宏太-KY,"2,000","1,000","1,000",0.0,0.0,0.0,0,0,0,0,0,0,0,0,0,0,"1,000"
2926,誠品生活,"2,000","5,000","-3,000",0.0,0.0,0.0,0,0,0,675,0,0,0,697,22,675,"-2,325"
2937,集雅社,0,"3,000","-3,000",0.0,0.0,0.0,0,0,0,0,0,0,0,0,0,0,"-3,000"
2949,欣新網,"1,000",0,"1,000",0.0,0.0,0.0,0,0,0,0,0,0,0,0,0,0,"1,000"
3071,協禧,0,0,0,0.0,0.0,0.0,0,0,0,-9,0,0,0,0,9,-9,-9
3078,僑威,"53,000",0,"53,000",0.0,0.0,0.0,0,0,0,0,0,0,0,0,0,0,"53,000"
3081,聯亞,"27,400",100,"27,300",0.0,0.0,0.0,0,0,0,-104,0,0,0,0,104,-104,"27,196"
3088,艾訊,0,0,0,0.0,0.0,0.0,0,0,0,"-2,000",0,0,0,0,"2,000","-2,000","-2,000"
3105,穩懋,"89,100",100,"89,000",0.0,0.0,0.0,0,0,0,"18,195",0,0,0,"22,403","4,208","18,195","107,195"
3118,進階,"6,000","7,000","-1,000",0.0,0.0,0.0,0,0,0,0,0,0,0,0,0,0,"-1,000"
3131,弘塑,"4,005",155,"3,850",0.0,0.0,0.0,0,0,0,-908,0,0,0,192,"1,100",-908,"2,942"
3141,晶宏,"1,000",0,"1,000",0.0,0.0,0.0,0,0,0,0,0,0,0,0,0,0,"1,000"
3147,大綜,"9,000",0,"9,000",0.0,0.0,0.0,0,0,0,0,0,0,0,0,0,0,"9,000"
3152,璟德,0,0,0,0.0,0.0,0.0,0,0,0,-59,0,0,0,0,59,-59,-59
3162,精確,"4,000",0,"4,000",0.0,0.0,0.0,0,0,0,0,0,0,0,0,0,0,"4,000"
3163,波若威,"7,000",0,"7,000",0.0,0.0,0.0,0,0,0,"-10,000",0,0,0,0,"10,000","-10,000","-3,000"
3169,亞信,"2,000",0,"2,000",0.0,0.0,0.0,0,0,0,-237,0,0,0,0,237,-237,"1,763"
3171,炎洲流通,"4,000",0,"4,000",0.0,0.0,0.0,0,0,0,0,0,0,0,0,0,0,"4,000"
3176,基亞,0,0,0,0.0,0.0,0.0,0,0,0,-45,0,0,0,0,45,-45,-45
3188,鑫龍騰,"6,000",0,"6,000",0.0,0.0,0.0,0,0,0,"-1,341",0,0,0,0,"1,341","-1,341","4,659"
3207,耀勝,"2,851",0,"2,851",0.0,0.0,0.0,0,0,0,0,0,0,0,0,0,0,"2,851"
3211,順達,"62,595","14,000","48,595",0.0,0.0,0.0,0,0,0,"-4,029",0,0,0,0,"4,029","-4,029","44,566"
3213,茂訊,"10,000",0,"10,000",0.0,0.0,0.0,0,0,0,0,0,0,0,0,0,0,"10,000"
3217,優群,"9,000",0,"9,000",0.0,0.0,0.0,0,0,0,"-2,363",0,0,0,0,"2,363","-2,363","6,637"
3218,大學光,"17,000",0,"17,000",0.0,0.0,0.0,0,0,0,"-2,725",0,0,0,0,"2,725","-2,725","14,275"
3219,倚強科,"2,000",0,"2,000",0.0,0.0,0.0,0,0,0,0,0,0,0,0,0,0,"2,000"
3227,原相,"10,000",0,"10,000",0.0,0.0,0.0,0,0,0,0,0,0,0,0,0,0,"10,000"
3228,金麗科,"1,000",0,"1,000",0.0,0.0,0.0,0,0,0,"-1,000",0,0,0,0,"1,000","-1,000",0
3230,錦明,450,"1,000",-550,0.0,0.0,0.0,0,0,0,"-2,547",0,0,0,0,"2,547","-2,547","-3,097"
3260,威剛,"68,000","51,000","17,000",0.0,0.0,0.0,0,0,0,"1,000","1,000",0,"1,000",0,0,0,"18,000"
3264,欣銓,"111,000",0,"111,000",0.0,0.0,0.0,0,0,0,"-10,996",0,0,0,0,"10,996","-10,996","100,004"
3265,台星科,"4,000",0,"4,000",0.0,0.0,0.0,0,0,0,0,0,0,0,0,0,0,"4,000"
3268,海德威,0,0,0,0.0,0.0,0.0,0,0,0,-4,0,0,0,0,4,-4,-4
3272,東碩,0,"3,000","-3,000",0.0,0.0,0.0,0,0,0,0,0,0,0,0,0,0,"-3,000"
3276,宇環,"1,000",0,"1,000",0.0,0.0,0.0,0,0,0,0,0,0,0,0,0,0,"1,000"
3284,太普高,0,0,0,0.0,0.0,0.0,0,0,0,-3,0,0,0,0,3,-3,-3
3285,微端,"3,000",0,"3,000",0.0,0.0,0.0,0,0,0,0,0,0,0,0,0,0,"3,000"
3287,廣寰科,0,"2,000","-2,000",0.0,0.0,0.0,0,0,0,0,0,0,0,0,0,0,"-2,000"
3289,宜特,"4,000",0,"4,000",0.0,0.0,0.0,0,0,0,0,0,0,0,0,0,0,"4,000"
3290,東浦,"38,000",0,"38,000",0.0,0.0,0.0,0,0,0,0,0,0,0,0,0,0,"38,000"
3293,鈊象,"206,430","2,384","204,046",0.0,0.0,0.0,"3,000",0,"3,000","-41,467",0,"2,000","-2,000",212,"39,679","-39,467","165,579"
3294,英濟,"1,900",0,"1,900",0.0,0.0,0.0,0,0,0,0,0,0,0,0,0,0,"1,900"
3297,杭特,"1,000","9,000","-8,000",0.0,0.0,0.0,0,0,0,0,0,0,0,0,0,0,"-8,000"
3303,岱稜,"2,000",0,"2,000",0.0,0.0,0.0,0,0,0,0,0,0,0,0,0,0,"2,000"
3306,鼎天,0,0,0,0.0,0.0,0.0,0,0,0,-291,0,0,0,0,291,-291,-291
3322,建舜電,"21,000",0,"21,000",0.0,0.0,0.0,0,0,0,0,0,0,0,0,0,0,"21,000"
3323,加百裕,0,"3,000","-3,000",0.0,0.0,0.0,0,0,0,-108,0,0,0,0,108,-108,"-3,108"
3324,雙鴻,"20,100",1,"20,099",0.0,0.0,0.0,0,0,0,"-3,300",0,0,0,700,"4,000","-3,300","16,799"
3325,旭品,"12,000",0,"12,000",0.0,0.0,0.0,0,0,0,-9,0,0,0,0,9,-9,"11,991"
3339,泰谷,"32,000",0,"32,000",0.0,0.0,0.0,0,0,0,0,0,0,0,0,0,0,"32,000"
3357,臺慶科,"1,000",0,"1,000",0.0,0.0,0.0,0,0,0,-509,0,0,0,0,509,-509,491
3362,先進光,"50,000",0,"50,000",0.0,0.0,0.0,0,0,0,-999,0,0,0,0,999,-999,"49,001"
3363,上詮,"7,492",0,"7,492",0.0,0.0,0.0,0,0,0,0,0,0,0,0,0,0,"7,492"
3372,典範,"16,000",0,"16,000",0.0,0.0,0.0,0,0,0,0,0,0,0,0,0,0,"16,000"
3374,精材,"15,010",0,"15,010",0.0,0.0,0.0,0,0,0,0,0,0,0,0,0,0,"15,010"
3379,彬台,"10,000",0,"10,000",0.0,0.0,0.0,0,0,0,0,0,0,0,0,0,0,"10,000"
3388,崇越電,"4,000","2,000","2,000",0.0,0.0,0.0,0,0,0,-519,0,0,0,0,519,-519,"1,481"
3390,旭軟,"9,800","10,000",-200,0.0,0.0,0.0,0,0,0,-82,0,0,0,0,82,-82,-282
3402,漢科,422,0,422,0.0,0.0,0.0,0,0,0,-104,0,0,0,0,104,-104,318
3438,類比科,"1,000",0,"1,000",0.0,0.0,0.0,0,0,0,0,0,0,0,0,0,0,"1,000"
3444,利機,"3,000",0,"3,000",0.0,0.0,0.0,0,0,0,0,0,0,0,0,0,0,"3,000"
3455,由田,284,0,284,0.0,0.0,0.0,0,0,0,0,0,0,0,0,0,0,284
3465,進泰電子,"10,000","4,000","6,000",0.0,0.0,0.0,0,0,0,0,0,0,0,0,0,0,"6,000"
3466,德晉,871,0,871,0.0,0.0,0.0,0,0,0,0,0,0,0,0,0,0,871
3479,安勤,"1,000",0,"1,000",0.0,0.0,0.0,0,0,0,0,0,0,0,0,0,0,"1,000"
3483,力致,"5,682",0,"5,682",0.0,0.0,0.0,0,0,0,0,0,0,0,0,0,0,"5,682"
3484,崧騰,"3,000",2,"2,998",0.0,0.0,0.0,0,0,0,0,0,0,0,0,0,0,"2,998"
3491,昇達科,"115,236","11,001","104,235",0.0,0.0,0.0,0,0,0,"-11,122",0,0,0,0,"11,122","-11,122","93,113"
3498,陽程,"19,808",0,"19,808",0.0,0.0,0.0,0,0,0,-5,0,0,0,0,5,-5,"19,803"
3508,位速,1,0,1,0.0,0.0,0.0,0,0,0,-129,0,0,0,0,129,-129,-128
3511,矽瑪,"91,000",0,"91,000",0.0,0.0,0.0,0,0,0,0,0,0,0,0,0,0,"91,000"
3512,皇龍,"6,000",0,"6,000",0.0,0.0,0.0,0,0,0,0,0,0,0,0,0,0,"6,000"
3526,凡甲,"5,005",0,"5,005",0.0,0.0,0.0,0,0,0,"-5,154","1,000","5,000","-4,000",0,"1,154","-1,154",-149
3527,聚積,0,0,0,0.0,0.0,0.0,0,0,0,-714,0,0,0,0,714,-714,-714
3529,力旺,"25,142",0,"25,142",0.0,0.0,0.0,0,0,0,-999,0,0,0,0,999,-999,"24,143"
3531,先益,"3,000",0,"3,000",0.0,0.0,0.0,0,0,0,0,0,0,0,0,0,0,"3,000"
3546,宇峻,"49,000","166,000","-117,000",0.0,0.0,0.0,0,0,0,554,0,0,0,554,0,554,"-116,446"
3548,兆利,"28,000",0,"28,000",0.0,0.0,0.0,0,0,0,0,0,0,0,0,0,0,"28,000"
3551,世禾,830,0,830,0.0,0.0,0.0,0,0,0,"-2,000",0,0,0,0,"2,000","-2,000","-1,170"
3552,同致,"5,000",0,"5,000",0.0,0.0,0.0,0,0,0,0,0,0,0,0,0,0,"5,000"
3556,禾瑞亞,0,0,0,0.0,0.0,0.0,0,0,0,-9,0,0,0,0,9,-9,-9
3558,神準,"2,000",0,"2,000",0.0,0.0,0.0,0,0,0,"-1,014",0,0,0,0,"1,014","-1,014",986
3564,其陽,"10,000",0,"10,000",0.0,0.0,0.0,0,0,0,0,0,0,0,0,0,0,"10,000"
3577,泓格,0,0,0,0.0,0.0,0.0,0,0,0,"-2,000",0,"2,000","-2,000",0,0,0,"-2,000"
3581,博磊,294,0,294,0.0,0.0,0.0,0,0,0,0,0,0,0,0,0,0,294
3587,閎康,"3,000",0,"3,000",0.0,0.0,0.0,"4,000",0,"4,000",0,0,0,0,0,0,0,"7,000"
3594,磐儀,"2,000",0,"2,000",0.0,0.0,0.0,0,0,0,0,0,0,0,0,0,0,"2,000"
3597,映興,"23,000",0,"23,000",0.0,0.0,0.0,0,0,0,0,0,0,0,0,0,0,"23,000"
3615,安可,"23,000",0,"23,000",0.0,0.0,0.0,0,0,0,-360,0,0,0,0,360,-360,"22,640"
3623,富晶通,"1,000",0,"1,000",0.0,0.0,0.0,0,0,0,0,0,0,0,0,0,0,"1,000"
3624,光頡,"4,000","1,000","3,000",0.0,0.0,0.0,0,0,0,-106,0,0,0,0,106,-106,"2,894"
3628,盈正,0,0,0,0.0,0.0,0.0,0,0,0,57,0,0,0,"1,000",943,57,57
3630,新鉅科,"107,000","1,000","106,000",0.0,0.0,0.0,0,0,0,0,0,0,0,0,0,0,"106,000"
3631,晟楠,"3,000","1,000","2,000",0.0,0.0,0.0,0,0,0,0,0,0,0,0,0,0,"2,000"
3632,研勤,"2,001",0,"2,001",0.0,0.0,0.0,0,0,0,0,0,0,0,0,0,0,"2,001"
3663,鑫科,"2,000",0,"2,000",0.0,0.0,0.0,0,0,0,0,0,0,0,0,0,0,"2,000"
3664,安瑞-KY,0,0,0,0.0,0.0,0.0,0,0,0,-54,0,0,0,0,54,-54,-54
3675,德微,"17,000",0,"17,000",0.0,0.0,0.0,0,"1,000","-1,000",0,0,0,0,0,0,0,"16,000"
3680,家登,"30,200","30,000",200,0.0,0.0,0.0,0,0,0,"-5,999",0,0,0,0,"5,999","-5,999","-5,799"
3684,榮昌,"1,000",0,"1,000",0.0,0.0,0.0,0,0,0,0,0,0,0,0,0,0,"1,000"
3689,湧德,"5,000",0,"5,000",0.0,0.0,0.0,0,0,0,"-1,791",0,0,0,0,"1,791","-1,791","3,209"
3691,碩禾,"1,000",0,"1,000",0.0,0.0,0.0,0,0,0,-1,0,0,0,0,1,-1,999
3693,營邦,"1,000",0,"1,000",0.0,0.0,0.0,0,0,0,"-1,669",0,"1,000","-1,000",0,669,-669,-669
3707,漢磊,"35,000",0,"35,000",0.0,0.0,0.0,0,0,0,"-1,342",0,0,0,0,"1,342","-1,342","33,658"
3709,鑫聯大投控,"35,000","23,000","12,000",0.0,0.0,0.0,0,0,0,0,0,0,0,0,0,0,"12,000"
4102,永日,"1,000","1,000",0,0.0,0.0,0.0,0,0,0,-153,0,0,0,0,153,-153,-153
4105,東洋,"338,000","476,000","-138,000",0.0,0.0,0.0,"45,000",0,"45,000","-11,719",0,0,0,0,"11,719","-11,719","-104,719"
4107,邦特,0,"2,000","-2,000",0.0,0.0,0.0,0,0,0,-108,0,0,0,0,108,-108,"-2,108"
4111,濟生,"42,000","371,000","-329,000",0.0,0.0,0.0,0,0,0,"-10,000",0,"10,000","-10,000",0,0,0,"-339,000"
4113,聯上,"1,749",0,"1,749",0.0,0.0,0.0,0,0,0,0,0,0,0,0,0,0,"1,749"
4114,健喬,"169,000","1,031,305","-862,305",0.0,0.0,0.0,0,0,0,"-1,839",0,0,0,"7,000","8,839","-1,839","-864,144"
4120,友華,"12,000","1,000","11,000",0.0,0.0,0.0,0,0,0,0,0,0,0,0,0,0,"11,000"
4123,晟德,"526,000","25,000","501,000",0.0,0.0,0.0,0,0,0,"-8,456",0,"2,000","-2,000",0,"6,456","-6,456","492,544"
4126,太醫,"35,000","76,000","-41,000",0.0,0.0,0.0,0,0,0,565,0,0,0,"4,000","3,435",565,"-40,435"
4128,中天,"90,000",0,"90,000",0.0,0.0,0.0,0,0,0,-4,0,0,0,0,4,-4,"89,996"
4129,聯合,"74,001","35,000","39,001",0.0,0.0,0.0,0,0,0,"-50,000",0,"50,000","-50,000",0,0,0,"-10,999"
4130,健亞,"34,000","216,000","-182,000",0.0,0.0,0.0,0,0,0,-286,0,0,0,0,286,-286,"-182,286"
4131,浩泰,"1,000","3,000","-2,000",0.0,0.0,0.0,0,0,0,0,0,0,0,0,0,0,"-2,000"
4138,曜亞,"2,000","26,000","-24,000",0.0,0.0,0.0,0,0,0,0,0,0,0,0,0,0,"-24,000"
4139,馬光-KY,"1,000","5,000","-4,000",0.0,0.0,0.0,0,0,0,0,0,0,0,0,0,0,"-4,000"
4147,中裕,"21,000",0,"21,000",0.0,0.0,0.0,"94,000",0,"94,000","8,000",0,0,0,"8,000",0,"8,000","123,000"
4157,太景*-KY,"7,000",3,"6,997",0.0,0.0,0.0,0,0,0,105,0,0,0,"1,000",895,105,"7,102"
4160,訊聯基因,485,0,485,0.0,0.0,0.0,0,0,0,0,0,0,0,0,0,0,485
4162,智擎,"38,000",0,"38,000",0.0,0.0,0.0,0,0,0,"-2,847",0,0,0,"1,000","3,847","-2,847","35,153"
4163,鐿鈦,"5,000","1,000","4,000",0.0,0.0,0.0,0,0,0,"-25,000",0,"25,000","-25,000",0,0,0,"-21,000"
4167,松瑞藥,"12,000",2,"11,998",0.0,0.0,0.0,0,0,0,0,0,0,0,0,0,0,"11,998"
4168,醣聯,0,2,-2,0.0,0.0,0.0,0,0,0,-345,0,0,0,0,345,-345,-347
4171,瑞基,"1,000",0,"1,000",0.0,0.0,0.0,0,0,0,-29,0,0,0,0,29,-29,971
4173,久裕,"517,000","4,000","513,000",0.0,0.0,0.0,0,0,0,0,0,0,0,0,0,0,"513,000"
4174,浩鼎,"26,200",0,"26,200",0.0,0.0,0.0,0,0,0,0,0,0,0,0,0,0,"26,200"
4175,杏一,0,"1,000","-1,000",0.0,0.0,0.0,0,0,0,0,0,0,0,0,0,0,"-1,000"
4183,福永生技,0,"1,000","-1,000",0.0,0.0,0.0,0,0,0,-78,0,78,-78,0,0,0,"-1,078"
4192,杏國,0,0,0,0.0,0.0,0.0,0,0,0,-49,0,49,-49,0,0,0,-49
4205,中華食,"14,000","9,000","5,000",0.0,0.0,0.0,0,0,0,-665,0,0,0,478,"1,143",-665,"4,335"
4207,環泰,"40,000","105,000","-65,000",0.0,0.0,0.0,0,0,0,0,0,0,0,0,0,0,"-65,000"
4303,信立,"12,000",0,"12,000",0.0,0.0,0.0,0,0,0,"-1,191",0,0,0,0,"1,191","-1,191","10,809"
4305,世坤,"2,000","1,000","1,000",0.0,0.0,0.0,0,0,0,0,0,0,0,0,0,0,"1,000"
4406,新昕纖,0,0,0,0.0,0.0,0.0,0,0,0,-24,0,24,-24,0,0,0,-24
4417,金洲,"64,000","53,000","11,000",0.0,0.0,0.0,0,0,0,"-10,000",0,"10,000","-10,000",0,0,0,"1,000"
4420,光明,"4,800","3,000","1,800",0.0,0.0,0.0,0,0,0,0,0,0,0,0,0,0,"1,800"
4430,耀億,0,0,0,0.0,0.0,0.0,0,0,0,-9,0,0,0,0,9,-9,-9
4433,興采,0,0,0,0.0,0.0,0.0,0,0,0,-22,0,0,0,0,22,-22,-22
4502,健信,"10,000",0,"10,000",0.0,0.0,0.0,0,0,0,"1,000","1,000",0,"1,000",0,0,0,"11,000"
4503,金雨,"1,000",0,"1,000",0.0,0.0,0.0,0,0,0,0,0,0,0,0,0,0,"1,000"
4506,崇友,"72,000","46,000","26,000",0.0,0.0,0.0,0,0,0,"1,000",0,0,0,"4,000","3,000","1,000","27,000"
4510,高鋒,0,0,0,0.0,0.0,0.0,0,0,0,"25,000",0,0,0,"45,000","20,000","25,000","25,000"
4513,福裕,"2,000",0,"2,000",0.0,0.0,0.0,0,0,0,0,0,0,0,0,0,0,"2,000"
4523,永彰,0,"3,000","-3,000",0.0,0.0,0.0,0,0,0,0,0,0,0,0,0,0,"-3,000"
4527,方土霖,"3,000",0,"3,000",0.0,0.0,0.0,0,0,0,"5,294",0,0,0,"7,000","1,706","5,294","8,294"
4533,協易機,"14,900",0,"14,900",0.0,0.0,0.0,0,0,0,0,0,0,0,0,0,0,"14,900"
4541,晟田,"31,000",0,"31,000",0.0,0.0,0.0,0,0,0,0,0,0,0,0,0,0,"31,000"
4542,科嶠,176,0,176,0.0,0.0,0.0,0,0,0,0,0,0,0,0,0,0,176
4543,萬在,"1,050",0,"1,050",0.0,0.0,0.0,0,0,0,0,0,0,0,0,0,0,"1,050"
4550,長佳,"2,000",0,"2,000",0.0,0.0,0.0,0,0,0,-184,0,0,0,0,184,-184,"1,816"
4556,旭然,"4,000","3,000","1,000",0.0,0.0,0.0,0,0,0,0,0,0,0,0,0,0,"1,000"
4563,百德,"1,000",0,"1,000",0.0,0.0,0.0,0,0,0,0,0,0,0,0,0,0,"1,000"
4568,科際精密,0,"1,000","-1,000",0.0,0.0,0.0,0,0,0,0,0,0,0,0,0,0,"-1,000"
4580,捷流閥業,"32,000","34,000","-2,000",0.0,0.0,0.0,0,0,0,"5,950","6,000",0,"6,000",0,50,-50,"3,950"
4584,君帆,0,"1,000","-1,000",0.0,0.0,0.0,0,0,0,0,0,0,0,0,0,0,"-1,000"
4702,中美實,0,0,0,0.0,0.0,0.0,0,0,0,-59,0,0,0,0,59,-59,-59
4706,大恭,"2,000",0,"2,000",0.0,0.0,0.0,0,0,0,0,0,0,0,0,0,0,"2,000"
4707,磐亞,"20,000",0,"20,000",0.0,0.0,0.0,0,0,0,0,0,0,0,0,0,0,"20,000"
4726,永昕,"1,000",2,998,0.0,0.0,0.0,0,0,0,-111,0,0,0,0,111,-111,887
4728,雙美,"7,000","3,001","3,999",0.0,0.0,0.0,0,0,0,"-1,000",0,"1,000","-1,000",0,0,0,"2,999"
4729,熒茂,737,0,737,0.0,0.0,0.0,0,0,0,0,0,0,0,0,0,0,737
4735,豪展,0,"2,000","-2,000",0.0,0.0,0.0,0,0,0,-114,0,0,0,0,114,-114,"-2,114"
4743,合一,"71,100",0,"71,100",0.0,0.0,0.0,0,0,0,0,0,0,0,0,0,0,"71,100"
4744,皇將,"2,000",0,"2,000",0.0,0.0,0.0,0,0,0,0,0,0,0,0,0,0,"2,000"
4745,合富-KY,0,"15,000","-15,000",0.0,0.0,0.0,0,0,0,0,0,0,0,0,0,0,"-15,000"
4747,強生,0,"45,000","-45,000",0.0,0.0,0.0,0,0,0,0,0,0,0,0,0,0,"-45,000"
4749,新應材,"1,000",1,999,0.0,0.0,0.0,0,0,0,0,0,0,0,0,0,0,999
4760,勤凱,974,0,974,0.0,0.0,0.0,0,0,0,0,0,0,0,0,0,0,974
4767,誠泰科技,0,"7,000","-7,000",0.0,0.0,0.0,0,0,0,-1,0,1,-1,0,0,0,"-7,001"
4768,晶呈科技,"40,000",0,"40,000",0.0,0.0,0.0,0,0,0,0,0,0,0,0,0,0,"40,000"
4772,台特化,"5,000",0,"5,000",0.0,0.0,0.0,"33,000",0,"33,000","-11,000",0,0,0,0,"11,000","-11,000","27,000"
4903,聯光通,"91,000",0,"91,000",0.0,0.0,0.0,0,0,0,0,0,0,0,0,0,0,"91,000"
4907,富宇,"1,000",0,"1,000",0.0,0.0,0.0,0,0,0,0,0,0,0,0,0,0,"1,000"
4908,前鼎,0,0,0,0.0,0.0,0.0,0,0,0,"1,000",0,0,0,"1,000",0,"1,000","1,000"
4909,新復興,0,0,0,0.0,0.0,0.0,0,0,0,"-42,015",0,0,0,0,"42,015","-42,015","-42,015"
4911,德英,"6,000","8,000","-2,000",0.0,0.0,0.0,0,0,0,0,0,0,0,0,0,0,"-2,000"
4931,新盛力,"2,000",0,"2,000",0.0,0.0,0.0,0,0,0,0,0,0,0,0,0,0,"2,000"
4939,亞電,"9,000",0,"9,000",0.0,0.0,0.0,0,0,0,-4,0,0,0,0,4,-4,"8,996"
4946,辣椒,0,"3,000","-3,000",0.0,0.0,0.0,0,0,0,0,0,0,0,0,0,0,"-3,000"
4950,金耘國際,0,0,0,0.0,0.0,0.0,0,0,0,-1,0,1,-1,0,0,0,-1
4953,緯軟,"1,000",0,"1,000",0.0,0.0,0.0,0,0,0,0,0,0,0,0,0,0,"1,000"
4966,譜瑞-KY,"10,100",508,"9,592",0.0,0.0,0.0,0,0,0,0,0,0,0,0,0,0,"9,592"
4971,IET-KY,"3,000",0,"3,000",0.0,0.0,0.0,0,0,0,"-1,000",0,0,0,0,"1,000","-1,000","2,000"
4972,湯石照明,"9,000","2,000","7,000",0.0,0.0,0.0,0,0,0,830,0,0,0,"1,000",170,830,"7,830"
4973,廣穎,0,"1,000","-1,000",0.0,0.0,0.0,0,0,0,0,0,0,0,0,0,0,"-1,000"
4974,亞泰,"80,000",0,"80,000",0.0,0.0,0.0,0,0,0,0,0,0,0,0,0,0,"80,000"
4979,華星光,"29,010",0,"29,010",0.0,0.0,0.0,0,0,0,"-8,000",0,0,0,0,"8,000","-8,000","21,010"
4991,環宇-KY,"5,000",0,"5,000",0.0,0.0,0.0,0,0,0,0,0,0,0,0,0,0,"5,000"
5009,榮剛,"119,000",500,"118,500",0.0,0.0,0.0,0,0,0,"-4,684",0,0,0,0,"4,684","-4,684","113,816"
5013,強新,"1,000",0,"1,000",0.0,0.0,0.0,0,0,0,0,0,0,0,0,0,0,"1,000"
5014,建錩,"21,000",0,"21,000",0.0,0.0,0.0,0,0,0,-70,0,0,0,"1,000","1,070",-70,"20,930"
5015,華祺,"3,000","14,000","-11,000",0.0,0.0,0.0,0,0,0,-107,0,0,0,0,107,-107,"-11,107"
5016,松和,"3,000",0,"3,000",0.0,0.0,0.0,0,0,0,0,0,0,0,0,0,0,"3,000"
5201,凱衛,0,"13,000","-13,000",0.0,0.0,0.0,0,0,0,0,0,0,0,0,0,0,"-13,000"
5202,力新,"22,000",0,"22,000",0.0,0.0,0.0,0,0,0,0,0,0,0,0,0,0,"22,000"
5205,中茂,0,"1,000","-1,000",0.0,0.0,0.0,0,0,0,0,0,0,0,0,0,0,"-1,000"
5209,新鼎,"1,000",0,"1,000",0.0,0.0,0.0,0,0,0,-1,0,0,0,0,1,-1,999
5210,寶碩,0,"57,000","-57,000",0.0,0.0,0.0,0,0,0,0,0,0,0,0,0,0,"-57,000"
5211,蒙恬,"2,000",0,"2,000",0.0,0.0,0.0,0,0,0,0,0,0,0,0,0,0,"2,000"
5212,凌網,"13,000","24,000","-11,000",0.0,0.0,0.0,0,0,0,0,0,0,0,0,0,0,"-11,000"
5213,亞昕,"24,000",0,"24,000",0.0,0.0,0.0,0,0,0,0,0,0,0,0,0,0,"24,000"
5227,立凱-KY,0,0,0,0.0,0.0,0.0,0,0,0,-17,0,0,0,0,17,-17,-17
5236,凌陽創新,"1,000",0,"1,000",0.0,0.0,0.0,0,0,0,0,0,0,0,0,0,0,"1,000"
5251,天鉞電,"9,000",0,"9,000",0.0,0.0,0.0,0,0,0,"-1,000",0,0,0,0,"1,000","-1,000","8,000"
5263,智崴,"2,100",0,"2,100",0.0,0.0,0.0,0,0,0,0,0,0,0,0,0,0,"2,100"
5274,信驊,"6,000","2,000","4,000",0.0,0.0,0.0,0,0,0,"-3,000",0,"1,000","-1,000",0,"2,000","-2,000","1,000"
5287,數字,"133,000","55,000","78,000",0.0,0.0,0.0,0,0,0,0,0,0,0,"2,000","2,000",0,"78,000"
5289,宜鼎,"95,940",0,"95,940",0.0,0.0,0.0,0,0,0,"-3,200",0,0,0,0,"3,200","-3,200","92,740"
5301,寶得利,0,0,0,0.0,0.0,0.0,0,0,0,-80,0,80,-80,0,0,0,-80
5309,系統電,"13,005",0,"13,005",0.0,0.0,0.0,0,0,0,"-6,464",0,0,0,0,"6,464","-6,464","6,541"
5310,天剛,0,"4,000","-4,000",0.0,0.0,0.0,0,0,0,868,868,0,868,0,0,0,"-3,132"
5312,寶島科,"4,000",0,"4,000",0.0,0.0,0.0,0,0,0,0,0,0,0,0,0,0,"4,000"
5314,世紀*,"26,000",0,"26,000",0.0,0.0,0.0,0,0,0,-231,0,0,0,0,231,-231,"25,769"
5315,光聯,"1,000",0,"1,000",0.0,0.0,0.0,0,0,0,0,0,0,0,0,0,0,"1,000"
5321,美而快,"3,000",0,"3,000",0.0,0.0,0.0,0,0,0,0,0,0,0,0,0,0,"3,000"
5328,華容,"6,000",0,"6,000",0.0,0.0,0.0,0,0,0,0,0,0,0,0,0,0,"6,000"
5347,世界,"2,071,869","304,045","1,767,824",0.0,0.0,0.0,0,0,0,"-122,745",0,"100,000","-100,000",0,"22,745","-22,745","1,645,079"
5351,鈺創,"2,000",0,"2,000",0.0,0.0,0.0,0,0,0,0,0,0,0,0,0,0,"2,000"
5353,台林,0,0,0,0.0,0.0,0.0,0,0,0,-218,0,0,0,0,218,-218,-218
5364,力麗店,0,0,0,0.0,0.0,0.0,0,0,0,-21,0,0,0,0,21,-21,-21
5371,中光電,"46,528",0,"46,528",0.0,0.0,0.0,0,0,0,"14,002",0,0,0,"16,000","1,998","14,002","60,530"
5381,合正,"1,000",0,"1,000",0.0,0.0,0.0,0,0,0,-59,0,0,0,0,59,-59,941
5386,青雲,238,0,238,0.0,0.0,0.0,0,0,0,0,0,0,0,0,0,0,238
5392,能率,"1,000",933,67,0.0,0.0,0.0,0,0,0,0,0,0,0,0,0,0,67
5410,國眾,"14,000",0,"14,000",0.0,0.0,0.0,0,0,0,0,0,0,0,0,0,0,"14,000"
5425,台半,"3,000","92,000","-89,000",0.0,0.0,0.0,0,0,0,0,0,0,0,0,0,0,"-89,000"
5426,振發,"2,000",0,"2,000",0.0,0.0,0.0,0,0,0,0,0,0,0,0,0,0,"2,000"
5432,新門,"1,475","1,000",475,0.0,0.0,0.0,0,0,0,-300,0,0,0,0,300,-300,175
5438,東友,339,0,339,0.0,0.0,0.0,0,0,0,0,0,0,0,0,0,0,339
5439,高技,"84,000",0,"84,000",0.0,0.0,0.0,0,0,0,-96,0,0,0,0,96,-96,"83,904"
5443,均豪,"61,000",0,"61,000",0.0,0.0,0.0,0,0,0,0,0,0,0,0,0,0,"61,000"
5452,佶優,"2,001",0,"2,001",0.0,0.0,0.0,0,0,0,"-1,163",0,0,0,0,"1,163","-1,163",838
5457,宣德,"7,000",0,"7,000",0.0,0.0,0.0,0,0,0,0,0,0,0,0,0,0,"7,000"
5460,同協,0,0,0,0.0,0.0,0.0,0,0,0,542,0,0,0,"3,000","2,458",542,542
5465,富驊,"6,000",0,"6,000",0.0,0.0,0.0,0,0,0,-30,0,0,0,0,30,-30,"5,970"
5474,聰泰,0,0,0,0.0,0.0,0.0,0,0,0,"2,000",0,0,0,"2,000",0,"2,000","2,000"
5478,智冠,"1,000","6,000","-5,000",0.0,0.0,0.0,0,0,0,0,0,0,0,0,0,0,"-5,000"
5481,新華,"2,000",0,"2,000",0.0,0.0,0.0,0,0,0,0,0,0,0,0,0,0,"2,000"
5483,中美晶,"326,100",0,"326,100",0.0,0.0,0.0,0,0,0,"-3,000","6,000",0,"6,000",0,"9,000","-9,000","323,100"
5489,彩富,"6,000","16,000","-10,000",0.0,0.0,0.0,0,0,0,0,0,0,0,0,0,0,"-10,000"
5490,同亨,0,0,0,0.0,0.0,0.0,0,0,0,189,0,0,0,"1,000",811,189,189
5493,三聯,150,0,150,0.0,0.0,0.0,0,0,0,0,0,0,0,0,0,0,150
5508,永信建,"10,020",77,"9,943",0.0,0.0,0.0,0,0,0,"-11,190",0,"3,000","-3,000","2,000","10,190","-8,190","-1,247"
5511,德昌,"4,000","71,000","-67,000",0.0,0.0,0.0,0,0,0,0,0,0,0,0,0,0,"-67,000"
5512,力麒,"230,316","43,000","187,316",0.0,0.0,0.0,0,0,0,0,0,0,0,0,0,0,"187,316"
5520,力泰,"1,000","1,000",0,0.0,0.0,0.0,0,0,0,0,0,0,0,0,0,0,0
5523,豐謙,"4,000","5,000","-1,000",0.0,0.0,0.0,0,0,0,0,0,0,0,0,0,0,"-1,000"
5529,鉅陞,0,"26,000","-26,000",0.0,0.0,0.0,0,0,0,0,0,0,0,0,0,0,"-26,000"
5530,龍巖,"8,117,000","7,601,050","515,950",0.0,0.0,0.0,0,0,0,"-5,753",0,"15,000","-15,000","16,000","6,753","9,247","510,197"
5536,聖暉*,"30,000",1,"29,999",0.0,0.0,0.0,0,0,0,"-3,000",0,0,0,0,"3,000","-3,000","26,999"
5543,桓鼎-KY,0,0,0,0.0,0.0,0.0,0,0,0,-63,0,0,0,0,63,-63,-63
5548,安倉,0,"18,000","-18,000",0.0,0.0,0.0,0,0,0,0,0,0,0,0,0,0,"-18,000"
5603,陸海,"2,000",0,"2,000",0.0,0.0,0.0,0,0,0,-317,0,0,0,0,317,-317,"1,683"
5604,中連,"18,000","3,000","15,000",0.0,0.0,0.0,0,0,0,0,0,0,0,0,0,0,"15,000"
5609,中菲行,"3,050",842,"2,208",0.0,0.0,0.0,0,0,0,0,0,0,0,0,0,0,"2,208"
5701,劍湖山,"2,000",0,"2,000",0.0,0.0,0.0,0,0,0,-1,0,1,-1,0,0,0,"1,999"
5703,亞都,"1,000","1,000",0,0.0,0.0,0.0,0,0,0,0,0,0,0,0,0,0,0
5704,老爺知,0,0,0,0.0,0.0,0.0,0,0,0,324,0,0,0,"1,000",676,324,324
5864,致和證,"18,000",0,"18,000",0.0,0.0,0.0,0,0,0,0,0,0,0,0,0,0,"18,000"
5878,台名,0,0,0,0.0,0.0,0.0,0,0,0,-49,0,0,0,0,49,-49,-49
5902,德記,0,"8,000","-8,000",0.0,0.0,0.0,0,0,0,0,0,0,0,0,0,0,"-8,000"
5903,全家,"85,000","115,050","-30,050",0.0,0.0,0.0,0,0,0,507,0,0,0,"6,000","5,493",507,"-29,543"
5904,寶雅,"237,101","133,000","104,101",0.0,0.0,0.0,"8,000","22,000","-14,000","-9,291","1,000","7,200","-6,200","18,119","21,210","-3,091","80,810"
5905,南仁湖,200,"27,000","-26,800",0.0,0.0,0.0,0,0,0,-422,0,0,0,"6,000","6,422",-422,"-27,222"
6015,宏遠證,0,"1,000","-1,000",0.0,0.0,0.0,0,0,0,0,0,0,0,0,0,0,"-1,000"
6016,康和證,"20,000",0,"20,000",0.0,0.0,0.0,0,0,0,0,0,0,0,0,0,0,"20,000"
6020,大展證,"2,000",0,"2,000",0.0,0.0,0.0,0,0,0,0,0,0,0,0,0,0,"2,000"
6021,美好證,"4,000",0,"4,000",0.0,0.0,0.0,0,0,0,0,0,0,0,0,0,0,"4,000"
6023,元大期,"116,000","130,000","-14,000",0.0,0.0,0.0,0,0,0,"-5,000",0,"5,000","-5,000",0,0,0,"-19,000"
6026,福邦證,"25,000",0,"25,000",0.0,0.0,0.0,0,0,0,0,0,0,0,0,0,0,"25,000"
6101,寬魚國際,"70,000","4,000","66,000",0.0,0.0,0.0,0,0,0,0,0,0,0,0,0,0,"66,000"
6104,創惟,"20,202",100,"20,102",0.0,0.0,0.0,0,0,0,"-30,141",0,0,0,0,"30,141","-30,141","-10,039"
6109,亞元,0,0,0,0.0,0.0,0.0,0,0,0,-313,0,313,-313,0,0,0,-313
6111,大宇資,"26,000",0,"26,000",0.0,0.0,0.0,0,0,0,"-1,000",0,0,0,0,"1,000","-1,000","25,000"
6114,久威,"1,000",0,"1,000",0.0,0.0,0.0,0,0,0,0,0,0,0,0,0,0,"1,000"
6118,建達,0,0,0,0.0,0.0,0.0,0,0,0,-54,0,0,0,0,54,-54,-54
6121,新普,"201,000",0,"201,000",0.0,0.0,0.0,0,0,0,"-5,040",0,0,0,0,"5,040","-5,040","195,960"
6122,擎邦,"2,000","1,000","1,000",0.0,0.0,0.0,0,0,0,0,0,0,0,0,0,0,"1,000"
6124,業強,0,0,0,0.0,0.0,0.0,0,0,0,-512,0,0,0,0,512,-512,-512
6125,廣運,"31,100",0,"31,100",0.0,0.0,0.0,0,0,0,"-10,000",0,0,0,0,"10,000","-10,000","21,100"
6126,信音,0,0,0,0.0,0.0,0.0,0,0,0,644,0,0,0,"2,000","1,356",644,644
6127,九豪,334,0,334,0.0,0.0,0.0,0,0,0,0,0,0,0,0,0,0,334
6129,普誠,"5,000",0,"5,000",0.0,0.0,0.0,0,0,0,0,0,0,0,0,0,0,"5,000"
6138,茂達,"11,000",0,"11,000",0.0,0.0,0.0,0,0,0,0,0,0,0,0,0,0,"11,000"
6143,振曜,"9,350",0,"9,350",0.0,0.0,0.0,0,0,0,"-2,000",0,0,0,0,"2,000","-2,000","7,350"
6146,耕興,"467,000","179,000","288,000",0.0,0.0,0.0,0,0,0,64,0,0,0,"1,000",936,64,"288,064"
6147,頎邦,"363,000","5,000","358,000",0.0,0.0,0.0,0,0,0,"-24,970",0,"15,000","-15,000","1,000","10,970","-9,970","333,030"
6150,撼訊,0,0,0,0.0,0.0,0.0,0,0,0,"4,000",0,0,0,"4,000",0,"4,000","4,000"
6151,晉倫,487,0,487,0.0,0.0,0.0,0,0,0,0,0,0,0,0,0,0,487
6154,順發,0,0,0,0.0,0.0,0.0,0,0,0,-122,0,0,0,0,122,-122,-122
6156,松上,533,0,533,0.0,0.0,0.0,0,0,0,0,0,0,0,0,0,0,533
6160,欣技,0,0,0,0.0,0.0,0.0,0,0,0,-8,0,0,0,0,8,-8,-8
6163,華電網,"1,000",0,"1,000",0.0,0.0,0.0,0,0,0,0,0,0,0,0,0,0,"1,000"
6169,昱泉,0,"1,000","-1,000",0.0,0.0,0.0,0,0,0,0,0,0,0,0,0,0,"-1,000"
6173,信昌電,"1,000",0,"1,000",0.0,0.0,0.0,0,0,0,-759,0,0,0,0,759,-759,241
6174,安碁,0,0,0,0.0,0.0,0.0,0,0,0,-36,0,0,0,0,36,-36,-36
6179,亞通,"609,000",0,"609,000",0.0,0.0,0.0,0,0,0,0,0,0,0,0,0,0,"609,000"
6180,橘子,"11,000",0,"11,000",0.0,0.0,0.0,0,0,0,315,0,0,0,"2,000","1,685",315,"11,315"
6182,合晶,"10,000",0,"10,000",0.0,0.0,0.0,0,0,0,"8,000",0,0,0,"8,000",0,"8,000","18,000"
6186,新潤,"6,000",0,"6,000",0.0,0.0,0.0,0,0,0,0,0,0,0,0,0,0,"6,000"
6187,萬潤,"7,459","37,000","-29,541",0.0,0.0,0.0,0,0,0,"-1,000",0,0,0,0,"1,000","-1,000","-30,541"
6188,廣明,"41,000",0,"41,000",0.0,0.0,0.0,0,0,0,"2,000",0,0,0,"2,000",0,"2,000","43,000"
6199,天品,"2,000","10,000","-8,000",0.0,0.0,0.0,0,0,0,"-9,000",0,0,0,0,"9,000","-9,000","-17,000"
6203,海韻電,"1,000",0,"1,000",0.0,0.0,0.0,0,0,0,-998,0,0,0,0,998,-998,2
6204,艾華,"2,000",0,"2,000",0.0,0.0,0.0,0,0,0,0,0,0,0,0,0,0,"2,000"
6208,日揚,"2,800","2,000",800,0.0,0.0,0.0,0,0,0,0,0,0,0,0,0,0,800
6210,慶生,"2,000","4,000","-2,000",0.0,0.0,0.0,0,0,0,0,0,0,0,0,0,0,"-2,000"
6218,豪勉,0,0,0,0.0,0.0,0.0,0,0,0,-16,0,0,0,0,16,-16,-16
6220,岳豐,"4,000",0,"4,000",0.0,0.0,0.0,0,0,0,0,0,0,0,0,0,0,"4,000"
6221,晉泰,0,"1,000","-1,000",0.0,0.0,0.0,0,0,0,0,0,0,0,0,0,0,"-1,000"
6222,立軒,0,"1,000","-1,000",0.0,0.0,0.0,0,0,0,0,0,0,0,0,0,0,"-1,000"
6223,旺矽,"5,001",0,"5,001",0.0,0.0,0.0,0,0,0,-4,0,0,0,996,"1,000",-4,"4,997"
6227,茂綸,"1,000",0,"1,000",0.0,0.0,0.0,0,0,0,"-1,706",0,0,0,0,"1,706","-1,706",-706
6228,全譜,"17,000",0,"17,000",0.0,0.0,0.0,0,0,0,0,0,0,0,0,0,0,"17,000"
6231,系微,"15,000",0,"15,000",0.0,0.0,0.0,0,0,0,"-1,000",0,0,0,0,"1,000","-1,000","14,000"
6233,旺玖,"5,000",0,"5,000",0.0,0.0,0.0,0,0,0,0,0,0,0,0,0,0,"5,000"
6234,高僑,0,"13,000","-13,000",0.0,0.0,0.0,0,0,0,0,0,0,0,0,0,0,"-13,000"
6237,驊訊,"1,001",0,"1,001",0.0,0.0,0.0,0,0,0,0,0,0,0,0,0,0,"1,001"
6240,松崗,"3,000",0,"3,000",0.0,0.0,0.0,0,0,0,0,0,0,0,0,0,0,"3,000"
6244,茂迪,"14,000","1,000","13,000",0.0,0.0,0.0,0,0,0,"8,000",0,0,0,"8,000",0,"8,000","21,000"
6245,立端,"2,000",0,"2,000",0.0,0.0,0.0,0,0,0,0,0,0,0,0,0,0,"2,000"
6246,臺龍,0,0,0,0.0,0.0,0.0,0,0,0,22,0,0,0,"2,000","1,978",22,22
6261,久元,"37,000","382,000","-345,000",0.0,0.0,0.0,0,0,0,-198,0,0,0,"1,000","1,198",-198,"-345,198"
6263,普萊德,"1,000",0,"1,000",0.0,0.0,0.0,0,0,0,0,0,0,0,0,0,0,"1,000"
6266,泰詠,"21,000",0,"21,000",0.0,0.0,0.0,0,0,0,-74,0,0,0,0,74,-74,"20,926"
6274,台燿,"47,322","51,000","-3,678",0.0,0.0,0.0,0,"68,000","-68,000","-6,000",0,0,0,"1,000","7,000","-6,000","-77,678"
6279,胡連,"10,002",0,"10,002",0.0,0.0,0.0,0,0,0,"-10,625",0,"10,425","-10,425",0,200,-200,-623
6284,佳邦,"22,750",0,"22,750",0.0,0.0,0.0,0,0,0,0,0,0,0,0,0,0,"22,750"
6290,良維,"24,000",0,"24,000",0.0,0.0,0.0,0,0,0,"-5,907",0,0,0,0,"5,907","-5,907","18,093"
6292,迅德,"4,000",0,"4,000",0.0,0.0,0.0,0,0,0,0,0,0,0,0,0,0,"4,000"
6294,智基,0,"3,000","-3,000",0.0,0.0,0.0,0,0,0,-271,0,0,0,0,271,-271,"-3,271"
6411,晶焱,"1,000",0,"1,000",0.0,0.0,0.0,0,0,0,0,0,0,0,0,0,0,"1,000"
6425,易發,47,0,47,0.0,0.0,0.0,0,0,0,0,0,0,0,0,0,0,47
6435,大中,"1,000",0,"1,000",0.0,0.0,0.0,0,0,0,0,0,0,0,0,0,0,"1,000"
6462,神盾,"9,000",0,"9,000",0.0,0.0,0.0,0,0,0,0,0,0,0,0,0,0,"9,000"
6469,大樹,"38,100",0,"38,100",0.0,0.0,0.0,0,0,0,-620,0,0,0,"2,000","2,620",-620,"37,480"
6470,宇智,"2,000",0,"2,000",0.0,0.0,0.0,0,0,0,0,0,0,0,0,0,0,"2,000"
6486,互動,"1,000",0,"1,000",0.0,0.0,0.0,0,0,0,0,0,0,0,0,0,0,"1,000"
6488,環球晶,"85,436","7,090","78,346",0.0,0.0,0.0,0,"3,000","-3,000","-9,993","4,000",0,"4,000",0,"13,993","-13,993","65,353"
6492,生華科,"1,200",0,"1,200",0.0,0.0,0.0,0,0,0,0,0,0,0,0,0,0,"1,200"
6494,九齊,0,0,0,0.0,0.0,0.0,0,0,0,-51,0,0,0,0,51,-51,-51
6508,惠光,"4,000","3,000","1,000",0.0,0.0,0.0,0,0,0,0,0,0,0,0,0,0,"1,000"
6509,聚和,"28,681",0,"28,681",0.0,0.0,0.0,0,0,0,0,0,0,0,0,0,0,"28,681"
6510,精測,"2,057",0,"2,057",0.0,0.0,0.0,0,0,0,"6,000","6,000",0,"6,000",0,0,0,"8,057"
6516,勤崴國際,0,"1,000","-1,000",0.0,0.0,0.0,0,0,0,0,0,0,0,0,0,0,"-1,000"
6517,保勝光學,"4,910",0,"4,910",0.0,0.0,0.0,0,0,0,0,0,0,0,0,0,0,"4,910"
6523,達爾膚,"4,000",0,"4,000",0.0,0.0,0.0,0,0,0,-342,0,0,0,"4,000","4,342",-342,"3,658"
6535,順藥,"8,000",0,"8,000",0.0,0.0,0.0,0,0,0,0,0,0,0,0,0,0,"8,000"
6538,倉和,"10,000",0,"10,000",0.0,0.0,0.0,0,0,0,"1,000",0,0,0,"1,000",0,"1,000","11,000"
6546,正基,"5,000",0,"5,000",0.0,0.0,0.0,0,0,0,"1,000",0,0,0,"1,000",0,"1,000","6,000"
6547,高端疫苗,"7,100","1,000","6,100",0.0,0.0,0.0,0,0,0,"-30,999",0,0,0,0,"30,999","-30,999","-24,899"
6548,長科*,"17,000","2,000","15,000",0.0,0.0,0.0,0,0,0,-10,0,0,0,0,10,-10,"14,990"
6561,是方,"103,000","72,000","31,000",0.0,0.0,0.0,0,0,0,-829,0,0,0,89,918,-829,"30,171"
6568,宏觀,0,0,0,0.0,0.0,0.0,0,0,0,-1,0,0,0,0,1,-1,-1
6576,逸達,"1,000",0,"1,000",0.0,0.0,0.0,0,0,0,0,0,0,0,0,0,0,"1,000"
6578,達邦蛋白,"5,000",0,"5,000",0.0,0.0,0.0,0,0,0,0,0,0,0,0,0,0,"5,000"
6584,南俊國際,"179,581",0,"179,581",0.0,0.0,0.0,0,0,0,0,0,0,0,0,0,0,"179,581"
6589,台康生技,"25,000",0,"25,000",0.0,0.0,0.0,0,0,0,0,0,0,0,0,0,0,"25,000"
6593,台灣銘板,"2,000",0,"2,000",0.0,0.0,0.0,0,0,0,0,0,0,0,0,0,0,"2,000"
6596,寬宏藝術,"1,000",0,"1,000",0.0,0.0,0.0,0,0,0,"-12,580",0,0,0,0,"12,580","-12,580","-11,580"
6603,富強鑫,0,0,0,0.0,0.0,0.0,0,0,0,"-17,000",0,"17,000","-17,000",0,0,0,"-17,000"
6609,瀧澤科,"61,000",0,"61,000",0.0,0.0,0.0,0,0,0,-195,0,0,0,0,195,-195,"60,805"
6613,朋億*,"3,000",0,"3,000",0.0,0.0,0.0,0,0,0,0,0,0,0,0,0,0,"3,000"
6640,均華,100,0,100,0.0,0.0,0.0,0,0,0,0,0,0,0,0,0,0,100
6643,M31,"4,000",0,"4,000",0.0,0.0,0.0,0,0,0,0,0,0,0,0,0,0,"4,000"
6664,群翊,"2,000",500,"1,500",0.0,0.0,0.0,0,0,0,0,0,0,0,0,0,0,"1,500"
6667,信紘科,"8,000",0,"8,000",0.0,0.0,0.0,0,0,0,"-1,000",0,0,0,0,"1,000","-1,000","7,000"
6679,鈺太,"264,000","148,000","116,000",0.0,0.0,0.0,0,0,0,0,0,0,0,0,0,0,"116,000"
6683,雍智科技,1,0,1,0.0,0.0,0.0,0,0,0,"-2,038",0,0,0,0,"2,038","-2,038","-2,037"
6684,安格,"1,000",0,"1,000",0.0,0.0,0.0,0,0,0,723,0,0,0,"1,000",277,723,"1,723"
6690,安碁資訊,0,0,0,0.0,0.0,0.0,0,0,0,-245,0,0,0,0,245,-245,-245
6692,進能服,"149,000",0,"149,000",0.0,0.0,0.0,0,0,0,0,0,0,0,0,0,0,"149,000"
6693,廣閎科,"5,000","43,000","-38,000",0.0,0.0,0.0,0,0,0,0,0,0,0,0,0,0,"-38,000"
6703,軒郁,"1,000",0,"1,000",0.0,0.0,0.0,0,0,0,0,0,0,0,0,0,0,"1,000"
6712,長聖,"4,000",0,"4,000",0.0,0.0,0.0,0,0,0,260,0,0,0,"1,000",740,260,"4,260"
6720,久昌,"3,000",0,"3,000",0.0,0.0,0.0,0,0,0,0,0,0,0,0,0,0,"3,000"
6728,上洋,"2,000","1,000","1,000",0.0,0.0,0.0,0,0,0,0,0,0,0,0,0,0,"1,000"
6732,昇佳電子,"3,000",0,"3,000",0.0,0.0,0.0,0,0,0,0,0,0,0,0,0,0,"3,000"
6741,91APP*-KY,"9,005",0,"9,005",0.0,0.0,0.0,0,0,0,"-2,000",0,"2,000","-2,000",0,0,0,"7,005"
6752,叡揚,"2,000",0,"2,000",0.0,0.0,0.0,0,0,0,0,0,0,0,0,0,0,"2,000"
6763,綠界科技*,"16,000",0,"16,000",0.0,0.0,0.0,0,0,0,0,0,0,0,0,0,0,"16,000"
6767,台微醫,0,"4,000","-4,000",0.0,0.0,0.0,0,0,0,0,0,0,0,0,0,0,"-4,000"
6785,昱展新藥,"13,000","34,000","-21,000",0.0,0.0,0.0,0,0,0,"-2,000",0,0,0,0,"2,000","-2,000","-23,000"
6803,崑鼎,"55,000","51,220","3,780",0.0,0.0,0.0,0,0,0,-107,0,0,0,0,107,-107,"3,673"
6811,宏碁資訊,0,0,0,0.0,0.0,0.0,"10,000",0,"10,000",0,0,0,0,0,0,0,"10,000"
6821,聯寶,0,0,0,0.0,0.0,0.0,0,0,0,-12,0,12,-12,0,0,0,-12
6823,濾能,"4,000","4,000",0,0.0,0.0,0.0,0,0,0,0,0,0,0,0,0,0,0
6840,東研信超,"2,000",0,"2,000",0.0,0.0,0.0,0,0,0,0,0,0,0,0,0,0,"2,000"
6843,進典,"1,000",0,"1,000",0.0,0.0,0.0,0,0,0,0,0,0,0,0,0,0,"1,000"
6855,數泓科,0,"1,000","-1,000",0.0,0.0,0.0,0,0,0,0,0,0,0,0,0,0,"-1,000"
6859,伯特光,"6,000",0,"6,000",0.0,0.0,0.0,0,0,0,0,0,0,0,0,0,0,"6,000"
6870,騰雲,0,0,0,0.0,0.0,0.0,0,0,0,"-2,000",0,0,0,0,"2,000","-2,000","-2,000"
6877,鏵友益,147,0,147,0.0,0.0,0.0,0,0,0,-159,0,0,0,0,159,-159,-12
6894,衛司特,0,0,0,0.0,0.0,0.0,0,0,0,"2,000",0,0,0,"2,000",0,"2,000","2,000"
6922,宸曜,"1,000",0,"1,000",0.0,0.0,0.0,0,0,0,0,0,0,0,0,0,0,"1,000"
6982,大井泵浦,"3,000",0,"3,000",0.0,0.0,0.0,0,0,0,0,0,0,0,0,0,0,"3,000"
7402,邑錡,"5,000",0,"5,000",0.0,0.0,0.0,0,0,0,0,0,0,0,0,0,0,"5,000"
7584,樂意,"1,000","6,000","-5,000",0.0,0.0,0.0,0,0,0,0,0,0,0,0,0,0,"-5,000"
7708,全家餐飲,"3,000","2,000","1,000",0.0,0.0,0.0,0,0,0,0,0,0,0,0,0,0,"1,000"
7712,博盛半導體,"1,000",0,"1,000",0.0,0.0,0.0,0,0,0,0,0,0,0,0,0,0,"1,000"
7718,友鋮,"27,000","20,000","7,000",0.0,0.0,0.0,0,0,0,0,0,0,0,0,0,0,"7,000"
8032,光菱,44,0,44,0.0,0.0,0.0,0,0,0,"-10,000",0,0,0,0,"10,000","-10,000","-9,956"
8042,金山電,"1,000",0,"1,000",0.0,0.0,0.0,0,0,0,0,0,0,0,0,0,0,"1,000"
8043,蜜望實,"19,000",0,"19,000",0.0,0.0,0.0,0,0,0,0,0,0,0,0,0,0,"19,000"
8044,網家,"1,000","7,000","-6,000",0.0,0.0,0.0,0,0,0,0,0,0,0,0,0,0,"-6,000"
8048,德勝,"3,000",0,"3,000",0.0,0.0,0.0,0,0,0,0,0,0,0,0,0,0,"3,000"
8049,晶采,"3,000",0,"3,000",0.0,0.0,0.0,0,0,0,-435,0,0,0,"1,000","1,435",-435,"2,565"
8054,安國,"9,000",637,"8,363",0.0,0.0,0.0,0,0,0,0,0,0,0,0,0,0,"8,363"
8064,東捷,"83,000",0,"83,000",0.0,0.0,0.0,0,0,0,"-10,000",0,0,0,0,"10,000","-10,000","73,000"
8066,來思達,0,0,0,0.0,0.0,0.0,0,0,0,-143,0,0,0,0,143,-143,-143
8068,全達,0,"1,000","-1,000",0.0,0.0,0.0,0,0,0,0,0,0,0,0,0,0,"-1,000"
8069,元太,"455,624","194,154","261,470",0.0,0.0,0.0,0,"95,000","-95,000","-25,010","2,000","20,000","-18,000",0,"7,010","-7,010","141,460"
8076,伍豐,"1,000","4,000","-3,000",0.0,0.0,0.0,0,0,0,-751,0,0,0,0,751,-751,"-3,751"
8080,泰霖,0,"1,000","-1,000",0.0,0.0,0.0,0,0,0,0,0,0,0,0,0,0,"-1,000"
8083,瑞穎,0,0,0,0.0,0.0,0.0,0,0,0,-485,0,0,0,0,485,-485,-485
8085,福華,"4,000","17,000","-13,000",0.0,0.0,0.0,0,0,0,0,0,0,0,0,0,0,"-13,000"
8086,宏捷科,"21,000",0,"21,000",0.0,0.0,0.0,0,0,0,0,0,0,0,0,0,0,"21,000"
8088,品安,"5,000","9,000","-4,000",0.0,0.0,0.0,0,0,0,0,0,0,0,0,0,0,"-4,000"
8089,康全電訊,"12,000",0,"12,000",0.0,0.0,0.0,0,0,0,0,0,0,0,0,0,0,"12,000"
8091,翔名,"1,000","10,000","-9,000",0.0,0.0,0.0,0,0,0,"-1,000",0,0,0,0,"1,000","-1,000","-10,000"
8092,建暐,"1,000",0,"1,000",0.0,0.0,0.0,0,0,0,0,0,0,0,0,0,0,"1,000"
8096,擎亞,"13,000",0,"13,000",0.0,0.0,0.0,0,0,0,"-1,503",0,0,0,0,"1,503","-1,503","11,497"
8097,常珵,"2,321",0,"2,321",0.0,0.0,0.0,0,0,0,-460,0,0,0,0,460,-460,"1,861"
8099,大世科,"50,243",0,"50,243",0.0,0.0,0.0,0,0,0,"-98,000",0,0,0,0,"98,000","-98,000","-47,757"
8109,博大,"10,000","61,000","-51,000",0.0,0.0,0.0,0,0,0,-241,0,0,0,0,241,-241,"-51,241"
8111,立碁,"148,000",0,"148,000",0.0,0.0,0.0,0,0,0,"-5,000",0,0,0,0,"5,000","-5,000","143,000"
8121,越峰,600,1,599,0.0,0.0,0.0,0,0,0,0,0,0,0,0,0,0,599
8147,正淩,"5,000",0,"5,000",0.0,0.0,0.0,0,0,0,0,0,0,0,0,0,0,"5,000"
8171,天宇,"7,000",0,"7,000",0.0,0.0,0.0,0,0,0,0,0,0,0,0,0,0,"7,000"
8183,精星,0,0,0,0.0,0.0,0.0,0,0,0,-72,0,0,0,0,72,-72,-72
8227,巨有科技,"1,000",0,"1,000",0.0,0.0,0.0,0,0,0,0,0,0,0,0,0,0,"1,000"
8234,新漢,"5,200","1,000","4,200",0.0,0.0,0.0,0,0,0,-280,0,0,0,0,280,-280,"3,920"
8240,華宏,"4,849",0,"4,849",0.0,0.0,0.0,0,0,0,0,0,0,0,0,0,0,"4,849"
8255,朋程,"7,000",0,"7,000",0.0,0.0,0.0,0,0,0,0,0,0,0,0,0,0,"7,000"
8279,生展,"20,000",0,"20,000",0.0,0.0,0.0,0,0,0,0,0,0,0,0,0,0,"20,000"
8284,三竹,0,"21,000","-21,000",0.0,0.0,0.0,0,0,0,0,0,0,0,0,0,0,"-21,000"
8299,群聯,"39,100",1,"39,099",0.0,0.0,0.0,0,0,0,"-49,580",0,0,0,"1,687","51,267","-49,580","-10,481"
8349,恒耀,"13,000",0,"13,000",0.0,0.0,0.0,0,0,0,-1,0,0,0,0,1,-1,"12,999"
8354,冠好,0,"7,000","-7,000",0.0,0.0,0.0,0,0,0,-110,0,0,0,"1,000","1,110",-110,"-7,110"
8358,金居,"104,000",150,"103,850",0.0,0.0,0.0,0,0,0,-342,0,0,0,0,342,-342,"103,508"
8383,千附,0,"14,001","-14,001",0.0,0.0,0.0,0,0,0,0,0,0,0,0,0,0,"-14,001"
8390,金益鼎,"11,000",0,"11,000",0.0,0.0,0.0,0,0,0,-259,0,0,0,"1,000","1,259",-259,"10,741"
8401,白紗科,0,100,-100,0.0,0.0,0.0,0,0,0,0,0,0,0,0,0,0,-100
8409,商之器,0,"10,000","-10,000",0.0,0.0,0.0,0,0,0,0,0,0,0,0,0,0,"-10,000"
8415,大國鋼,"30,000",0,"30,000",0.0,0.0,0.0,0,0,0,0,0,0,0,0,0,0,"30,000"
8421,旭源,0,"12,000","-12,000",0.0,0.0,0.0,0,0,0,0,0,0,0,0,0,0,"-12,000"
8424,惠普,"7,000","2,000","5,000",0.0,0.0,0.0,0,0,0,0,0,0,0,0,0,0,"5,000"
8426,紅木-KY,"3,000",0,"3,000",0.0,0.0,0.0,0,0,0,0,0,0,0,0,0,0,"3,000"
8431,匯鑽科,"2,000",0,"2,000",0.0,0.0,0.0,0,0,0,0,0,0,0,0,0,0,"2,000"
8433,弘帆,"2,000",0,"2,000",0.0,0.0,0.0,0,0,0,"46,000","46,000",0,"46,000",0,0,0,"48,000"
8435,鉅邁,"12,125","23,375","-11,250",0.0,0.0,0.0,0,0,0,0,0,0,0,0,0,0,"-11,250"
8436,大江,"110,469","175,000","-64,531",0.0,0.0,0.0,"199,000",0,"199,000","-28,000","4,000","32,000","-28,000",0,0,0,"106,469"
8437,大地-KY,0,0,0,0.0,0.0,0.0,0,0,0,-136,0,0,0,0,136,-136,-136
8440,綠電,"2,000",0,"2,000",0.0,0.0,0.0,0,0,0,0,0,0,0,0,0,0,"2,000"
8444,綠河-KY,"2,000",0,"2,000",0.0,0.0,0.0,0,0,0,0,0,0,0,0,0,0,"2,000"
8446,華研,"1,000","2,000","-1,000",0.0,0.0,0.0,0,0,0,0,0,0,0,0,0,0,"-1,000"
8489,三貝德,"1,000","1,000",0,0.0,0.0,0.0,0,0,0,"3,000","3,000",0,"3,000",0,0,0,"3,000"
8905,裕國,0,"1,000","-1,000",0.0,0.0,0.0,0,0,0,0,0,0,0,0,0,0,"-1,000"
8908,欣雄,"18,000","33,000","-15,000",0.0,0.0,0.0,0,0,0,0,0,0,0,0,0,0,"-15,000"
8917,欣泰,0,0,0,0.0,0.0,0.0,0,0,0,0,0,0,0,"2,000","2,000",0,0
8924,大田,0,0,0,0.0,0.0,0.0,0,0,0,-40,0,0,0,0,40,-40,-40
8927,北基,"32,000","20,000","12,000",0.0,0.0,0.0,0,0,0,0,0,0,0,0,0,0,"12,000"
8930,青鋼,"3,900",0,"3,900",0.0,0.0,0.0,0,0,0,0,0,0,0,0,0,0,"3,900"
8931,大汽電,0,5,-5,0.0,0.0,0.0,0,0,0,-119,0,0,0,0,119,-119,-124
8932,智通*,"1,000",0,"1,000",0.0,0.0,0.0,0,0,0,"-39,001",0,0,0,0,"39,001","-39,001","-38,001"
8933,愛地雅,0,0,0,0.0,0.0,0.0,0,0,0,-303,0,0,0,0,303,-303,-303
8935,邦泰,0,0,0,0.0,0.0,0.0,0,0,0,-4,0,0,0,0,4,-4,-4
8936,國統,"115,250",0,"115,250",0.0,0.0,0.0,0,0,0,"34,000","3,000",0,"3,000","31,000",0,"31,000","149,250"
8937,合騏,"1,000",0,"1,000",0.0,0.0,0.0,0,0,0,0,0,0,0,0,0,0,"1,000"
8938,明安,"5,000","3,000","2,000",0.0,0.0,0.0,0,0,0,-1,0,0,0,0,1,-1,"1,999"
8942,森鉅,"4,000",0,"4,000",0.0,0.0,0.0,0,0,0,0,0,0,0,0,0,0,"4,000"
9949,琉園,0,100,-100,0.0,0.0,0.0,0,0,0,0,0,0,0,0,0,0,-100
020025,統一亞洲半導體N,0,0,0,0.0,0.0,0.0,0,0,0,"214,000",0,0,0,"224,000","10,000","214,000","214,000"
020033,統一恒生科期N,0,0,0,0.0,0.0,0.0,0,0,0,"1,981,000",0,0,0,"1,991,000","10,000","1,981,000","1,981,000"
020041,兆豐半導體氣候N,0,0,0,0.0,0.0,0.0,0,0,0,"148,000",0,0,0,"149,000","1,000","148,000","148,000"
70454U,元太群益47售01,0,0,0,0.0,0.0,0.0,0,0,0,"2,000",0,0,0,"2,000",0,"2,000","2,000"
70655U,信立群益45售01,0,0,0,0.0,0.0,0.0,0,0,0,"65,000",0,0,0,"65,000",0,"65,000","65,000"
70687U,弘塑凱基44售01,0,0,0,0.0,0.0,0.0,0,0,0,"10,000",0,0,0,"10,000",0,"10,000","10,000"
70713U,力旺國票45售01,0,0,0,0.0,0.0,0.0,0,0,0,"549,000",0,0,0,"549,000",0,"549,000","549,000"
70715U,昇達科國票45售02,0,0,0,0.0,0.0,0.0,0,0,0,"10,000",0,0,0,"10,000",0,"10,000","10,000"
70719U,力旺群益47售01,0,0,0,0.0,0.0,0.0,0,0,0,"2,000",0,0,0,"2,000",0,"2,000","2,000"
70737U,波若威永豐46售02,0,0,0,0.0,0.0,0.0,0,0,0,"20,000",0,0,0,"20,000",0,"20,000","20,000"
70744U,旺矽國票44售04,0,0,0,0.0,0.0,0.0,0,0,0,"6,000",0,0,0,"6,000",0,"6,000","6,000"
70751U,新復興國票46售01,0,0,0,0.0,0.0,0.0,0,0,0,"1,000",0,0,0,"1,000",0,"1,000","1,000"
70755U,原相統一48售06,0,0,0,0.0,0.0,0.0,0,0,0,"2,000",0,0,0,"2,000",0,"2,000","2,000"
70757U,原相國票46售01,0,0,0,0.0,0.0,0.0,0,0,0,"10,000",0,0,0,"10,000",0,"10,000","10,000"
70780U,旺矽群益45售04,0,0,0,0.0,0.0,0.0,0,0,0,"6,000",0,0,0,"6,000",0,"6,000","6,000"
70786U,千附精國票45售01,0,0,0,0.0,0.0,0.0,0,0,0,"10,000",0,0,0,"10,000",0,"10,000","10,000"
70795U,力旺中信44售01,0,0,0,0.0,0.0,0.0,0,0,0,"40,000",0,0,0,"40,000",0,"40,000","40,000"
70799U,力旺國票44售03,0,0,0,0.0,0.0,0.0,0,0,0,"1,000",0,0,0,"1,000",0,"1,000","1,000"
70811U,信驊永豐46售01,0,0,0,0.0,0.0,0.0,0,0,0,"1,000",0,0,0,"1,000",0,"1,000","1,000"
70812U,新復興永豐45售03,0,0,0,0.0,0.0,0.0,0,0,0,"76,000",0,0,0,"76,000",0,"76,000","76,000"
70832U,東浦國票45售02,0,0,0,0.0,0.0,0.0,0,0,0,"5,000",0,0,0,"5,000",0,"5,000","5,000"
70836U,旺矽元富44售11,0,0,0,0.0,0.0,0.0,0,0,0,"3,000",0,0,0,"3,000",0,"3,000","3,000"
70841U,精測國票45售01,0,0,0,0.0,0.0,0.0,0,0,0,"20,000",0,0,0,"20,000",0,"20,000","20,000"
70847U,群聯國票45售02,0,0,0,0.0,0.0,0.0,0,0,0,"3,000",0,0,0,"3,000",0,"3,000","3,000"
70850U,新復興元大44售07,0,0,0,0.0,0.0,0.0,0,0,0,"1,000",0,0,0,"1,000",0,"1,000","1,000"
70852U,群聯凱基46售02,0,0,0,0.0,0.0,0.0,0,0,0,"499,000",0,0,0,"499,000",0,"499,000","499,000"
70853U,家登國票44售01,0,0,0,0.0,0.0,0.0,0,0,0,"1,000",0,0,0,"1,000",0,"1,000","1,000"
70856U,宏捷科國票46售02,0,0,0,0.0,0.0,0.0,0,0,0,"1,000",0,0,0,"1,000",0,"1,000","1,000"
70861U,宏捷科凱基46售01,0,0,0,0.0,0.0,0.0,0,0,0,"2,000",0,0,0,"2,000",0,"2,000","2,000"
70862U,新復興國票47售03,0,0,0,0.0,0.0,0.0,0,0,0,"1,000",0,0,0,"1,000",0,"1,000","1,000"
70865U,元太元富45售02,0,0,0,0.0,0.0,0.0,0,0,0,"56,000",0,0,0,"56,000",0,"56,000","56,000"
70866U,華星光國票46售02,0,0,0,0.0,0.0,0.0,0,0,0,"114,000",0,0,0,"114,000",0,"114,000","114,000"
70868U,雙鴻元大45售04,0,0,0,0.0,0.0,0.0,0,0,0,"1,000",0,0,0,"1,000",0,"1,000","1,000"
70870U,廣運凱基45售02,0,0,0,0.0,0.0,0.0,0,0,0,"1,000",0,0,0,"1,000",0,"1,000","1,000"
70871U,旺矽凱基45售02,0,0,0,0.0,0.0,0.0,0,0,0,"1,000",0,0,0,"1,000",0,"1,000","1,000"
70879U,新復興元大48售02,"149,000",0,"149,000",0.0,0.0,0.0,0,0,0,0,0,0,0,0,0,0,"149,000"
70882U,譜瑞國票46售02,0,0,0,0.0,0.0,0.0,0,0,0,"1,000",0,0,0,"1,000",0,"1,000","1,000"
70893U,穩懋國票46售01,0,0,0,0.0,0.0,0.0,0,0,0,"1,000",0,0,0,"1,000",0,"1,000","1,000"
70897U,創惟國票46售03,0,0,0,0.0,0.0,0.0,0,0,0,"1,000",0,0,0,"1,000",0,"1,000","1,000"
70898U,華星光國票46售03,0,0,0,0.0,0.0,0.0,0,0,0,"7,000",0,0,0,"7,000",0,"7,000","7,000"
70899U,精測國票46售03,0,0,0,0.0,0.0,0.0,0,0,0,"1,000",0,0,0,"1,000",0,"1,000","1,000"
70913U,華星光元富45售03,0,0,0,0.0,0.0,0.0,0,0,0,"1,000",0,0,0,"1,000",0,"1,000","1,000"
70941U,旺矽群益46售02,0,0,0,0.0,0.0,0.0,0,0,0,"4,000",0,0,0,"4,000",0,"4,000","4,000"
70942U,旺矽群益47售02,0,0,0,0.0,0.0,0.0,0,0,0,"3,000",0,0,0,"3,000",0,"3,000","3,000"
70944U,元太元大45售02,0,0,0,0.0,0.0,0.0,0,0,0,"1,000",0,0,0,"1,000",0,"1,000","1,000"
70945U,鈊象元大45售13,0,0,0,0.0,0.0,0.0,0,0,0,"1,000",0,0,0,"1,000",0,"1,000","1,000"
70946U,金麗科國票46售02,0,0,0,0.0,0.0,0.0,0,0,0,"1,000",0,0,0,"1,000",0,"1,000","1,000"
70949U,旺矽凱基46售02,0,0,0,0.0,0.0,0.0,0,0,0,"8,000",0,0,0,"8,000",0,"8,000","8,000"
70955U,富喬群益47售02,0,0,0,0.0,0.0,0.0,0,0,0,"6,000",0,0,0,"6,000",0,"6,000","6,000"
70963U,富喬國票48售01,0,0,0,0.0,0.0,0.0,0,0,0,"3,000",0,0,0,"3,000",0,"3,000","3,000"
70966U,創惟群益48售01,0,0,0,0.0,0.0,0.0,0,0,0,"9,000",0,0,0,"9,000",0,"9,000","9,000"
70970U,元太國票47售01,0,0,0,0.0,0.0,0.0,0,0,0,"80,000",0,0,0,"80,000",0,"80,000","80,000"
70971U,高鋒國票47售02,0,0,0,0.0,0.0,0.0,0,0,0,"1,000",0,0,0,"1,000",0,"1,000","1,000"
70975U,雙鴻群益46售05,0,0,0,0.0,0.0,0.0,0,0,0,"8,000",0,0,0,"8,000",0,"8,000","8,000"
70976U,旺矽永豐46售02,0,0,0,0.0,0.0,0.0,0,0,0,"5,000",0,0,0,"5,000",0,"5,000","5,000"
70978U,鈊象元大46售08,0,0,0,0.0,0.0,0.0,0,0,0,"1,000",0,0,0,"1,000",0,"1,000","1,000"
70979U,力旺凱基47售03,0,0,0,0.0,0.0,0.0,0,0,0,"10,000",0,0,0,"10,000",0,"10,000","10,000"
70981U,旺矽國票47售02,0,0,0,0.0,0.0,0.0,0,0,0,"3,000",0,0,0,"3,000",0,"3,000","3,000"
70984U,力旺群益48售02,0,0,0,0.0,0.0,0.0,0,0,0,"5,000",0,0,0,"5,000",0,"5,000","5,000"
70985U,世界元富46售01,0,0,0,0.0,0.0,0.0,0,0,0,"10,000",0,0,0,"10,000",0,"10,000","10,000"
70986U,旺矽元大46售07,0,0,0,0.0,0.0,0.0,0,0,0,"1,000",0,0,0,"1,000",0,"1,000","1,000"
70987U,旺矽元大46售08,0,0,0,0.0,0.0,0.0,0,0,0,"15,000",0,0,0,"15,000",0,"15,000","15,000"
70988U,旺矽凱基47售03,0,0,0,0.0,0.0,0.0,0,0,0,"130,000",0,0,0,"130,000",0,"130,000","130,000"
70992U,旺矽元大46售10,0,0,0,0.0,0.0,0.0,0,0,0,"106,000",0,0,0,"106,000",0,"106,000","106,000"
70993U,元債20元富46售01,0,0,0,0.0,0.0,0.0,0,0,0,"13,000",0,0,0,"13,000",0,"13,000","13,000"
70994U,鈊象元富46售08,0,0,0,0.0,0.0,0.0,0,0,0,"12,000",0,0,0,"12,000",0,"12,000","12,000"
71006U,雙鴻國票47售02,0,0,0,0.0,0.0,0.0,0,0,0,"3,000",0,0,0,"3,000",0,"3,000","3,000"
71007U,精材凱基48售01,0,0,0,0.0,0.0,0.0,0,0,0,"16,000",0,0,0,"16,000",0,"16,000","16,000"
71009U,雙鴻永豐47售03,0,0,0,0.0,0.0,0.0,0,0,0,"12,000",0,0,0,"12,000",0,"12,000","12,000"
71018U,波若威國票46售03,0,0,0,0.0,0.0,0.0,0,0,0,"10,000",0,0,0,"10,000",0,"10,000","10,000"
71019U,聖暉*國票47售01,0,0,0,0.0,0.0,0.0,0,0,0,"2,000",0,0,0,"2,000",0,"2,000","2,000"
71023U,湧德國票46售03,0,0,0,0.0,0.0,0.0,0,0,0,"1,000",0,0,0,"1,000",0,"1,000","1,000"
71026U,中美晶國票47售02,0,0,0,0.0,0.0,0.0,0,0,0,"1,000",0,0,0,"1,000",0,"1,000","1,000"
71029U,信驊元富46售03,0,0,0,0.0,0.0,0.0,0,0,0,"1,000",0,0,0,"1,000",0,"1,000","1,000"
71032U,中美晶凱基47售01,0,0,0,0.0,0.0,0.0,0,0,0,"6,000",0,0,0,"6,000",0,"6,000","6,000"
71033U,環球晶凱基46售03,0,0,0,0.0,0.0,0.0,0,0,0,"12,000",0,0,0,"12,000",0,"12,000","12,000"
71034U,中美晶群益48售02,0,0,0,0.0,0.0,0.0,0,0,0,"7,000",0,0,0,"7,000",0,"7,000","7,000"
71035U,鈊象群益47售10,0,0,0,0.0,0.0,0.0,0,0,0,"2,000",0,0,0,"2,000",0,"2,000","2,000"
71037U,昇達科凱基46售03,0,0,0,0.0,0.0,0.0,0,0,0,"1,000",0,0,0,"1,000",0,"1,000","1,000"
71038U,旺矽永豐46售04,0,0,0,0.0,0.0,0.0,0,0,0,"47,000",0,0,0,"47,000",0,"47,000","47,000"
71041U,富喬元富46售01,0,0,0,0.0,0.0,0.0,0,0,0,"10,000",0,0,0,"10,000",0,"10,000","10,000"
71044U,立碁群益46售01,0,0,0,0.0,0.0,0.0,0,0,0,"5,000",0,0,0,"5,000",0,"5,000","5,000"
71045U,精測國票47售06,0,0,0,0.0,0.0,0.0,0,0,0,"10,000",0,0,0,"10,000",0,"10,000","10,000"
71047U,國債20元大47售02,0,0,0,0.0,0.0,0.0,0,0,0,"-15,000",0,0,0,0,"15,000","-15,000","-15,000"
71061U,能率國票47售04,0,0,0,0.0,0.0,0.0,0,0,0,"1,000",0,0,0,"1,000",0,"1,000","1,000"
71063U,旺矽國票47售06,0,0,0,0.0,0.0,0.0,0,0,0,"4,000",0,0,0,"4,000",0,"4,000","4,000"
71069U,信驊永豐48售01,0,0,0,0.0,0.0,0.0,0,0,0,"10,000",0,0,0,"10,000",0,"10,000","10,000"
71075U,新復興群益48售01,0,0,0,0.0,0.0,0.0,0,0,0,"20,000",0,0,0,"20,000",0,"20,000","20,000"
71080U,系微國票48售02,0,0,0,0.0,0.0,0.0,0,0,0,"11,000",0,0,0,"11,000",0,"11,000","11,000"
71091U,營邦凱基47售04,0,0,0,0.0,0.0,0.0,0,0,0,"12,000",0,0,0,"12,000",0,"12,000","12,000"
71092U,雙鴻永豐48售02,0,0,0,0.0,0.0,0.0,0,0,0,"1,000",0,0,0,"1,000",0,"1,000","1,000"
71094U,加百裕國票47售02,0,0,0,0.0,0.0,0.0,0,0,0,"1,000",0,0,0,"1,000",0,"1,000","1,000"
71098U,僑威中信47售01,0,0,0,0.0,0.0,0.0,0,0,0,"1,000",0,0,0,"1,000",0,"1,000","1,000"
71101U,雙鴻元大47售02,0,0,0,0.0,0.0,0.0,0,0,0,"1,000",0,0,0,"1,000",0,"1,000","1,000"
71110U,譜瑞群益48售02,0,0,0,0.0,0.0,0.0,0,0,0,"1,000",0,0,0,"1,000",0,"1,000","1,000"
71113U,新復興國票48售01,0,0,0,0.0,0.0,0.0,0,0,0,"1,000",0,0,0,"1,000",0,"1,000","1,000"
71114U,昇達科元大47售04,0,0,0,0.0,0.0,0.0,0,0,0,"3,000",0,0,0,"3,000",0,"3,000","3,000"
71115U,新復興元富4A售02,0,0,0,0.0,0.0,0.0,0,0,0,"1,000",0,0,0,"1,000",0,"1,000","1,000"
71118U,華星光元大47售06,0,0,0,0.0,0.0,0.0,0,0,0,"1,000",0,0,0,"1,000",0,"1,000","1,000"
71124U,昇達科國票47售01,0,0,0,0.0,0.0,0.0,0,0,0,"7,000",0,0,0,"7,000",0,"7,000","7,000"
71126U,華星光國票48售02,0,0,0,0.0,0.0,0.0,0,0,0,"12,000",0,0,0,"12,000",0,"12,000","12,000"
71128U,華星光永豐49售01,0,0,0,0.0,0.0,0.0,0,0,0,"5,000",0,0,0,"5,000",0,"5,000","5,000"
71133U,雙鴻元大47售03,0,0,0,0.0,0.0,0.0,0,0,0,"1,000",0,0,0,"1,000",0,"1,000","1,000"
71135U,華星光元大47售07,0,0,0,0.0,0.0,0.0,0,0,0,"1,000",0,0,0,"1,000",0,"1,000","1,000"
71138U,旺矽國票48售04,0,0,0,0.0,0.0,0.0,0,0,0,"1,000",0,0,0,"1,000",0,"1,000","1,000"
71141U,雙鴻元大47售05,0,0,0,0.0,0.0,0.0,0,0,0,"1,000",0,0,0,"1,000",0,"1,000","1,000"
71144U,雙鴻凱基47售08,0,0,0,0.0,0.0,0.0,0,0,0,"1,000",0,0,0,"1,000",0,"1,000","1,000"
71146U,華星光群益47售04,0,0,0,0.0,0.0,0.0,0,0,0,"45,000",0,0,0,"45,000",0,"45,000","45,000"
71148U,昇達科永豐49售02,0,0,0,0.0,0.0,0.0,0,0,0,"3,000",0,0,0,"3,000",0,"3,000","3,000"
71154U,雙鴻元大4A售01,0,0,0,0.0,0.0,0.0,0,0,0,"1,000",0,0,0,"1,000",0,"1,000","1,000"
71157U,神準永豐49售01,0,0,0,0.0,0.0,0.0,0,0,0,"10,000",0,0,0,"10,000",0,"10,000","10,000"
71165U,雙鴻元大48售06,0,0,0,0.0,0.0,0.0,0,0,0,"10,000",0,0,0,"10,000",0,"10,000","10,000"
71167U,旺矽國票49售02,0,0,0,0.0,0.0,0.0,0,0,0,"5,000",0,0,0,"5,000",0,"5,000","5,000"
71168U,昇達科國票48售03,0,0,0,0.0,0.0,0.0,0,0,0,"1,000",0,0,0,"1,000",0,"1,000","1,000"
71177U,華星光永豐4A售02,0,0,0,0.0,0.0,0.0,0,0,0,"10,000",0,0,0,"10,000",0,"10,000","10,000"
71186U,新復興元富48售02,"160,000",0,"160,000",0.0,0.0,0.0,0,0,0,"110,000",0,0,0,"110,000",0,"110,000","270,000"
71189U,新復興凱基48售02,0,0,0,0.0,0.0,0.0,0,0,0,"25,000",0,0,0,"25,000",0,"25,000","25,000"
71191U,竹陞國票49售01,0,0,0,0.0,0.0,0.0,0,0,0,"1,000",0,0,0,"1,000",0,"1,000","1,000"
71193U,擎亞國票49售02,"1,000",0,"1,000",0.0,0.0,0.0,0,0,0,0,0,0,0,0,0,0,"1,000"
71198U,雙鴻群益4A售02,0,0,0,0.0,0.0,0.0,0,0,0,"20,000",0,0,0,"20,000",0,"20,000","20,000"
71199U,元太元大48售03,0,0,0,0.0,0.0,0.0,0,0,0,"1,000",0,0,0,"1,000",0,"1,000","1,000"
71201U,振曜國票49售02,0,0,0,0.0,0.0,0.0,0,0,0,"1,000",0,0,0,"1,000",0,"1,000","1,000"
71202U,富喬國票48售04,0,0,0,0.0,0.0,0.0,0,0,0,"1,000",0,0,0,"1,000",0,"1,000","1,000"
71211U,艾訊凱基49售01,0,0,0,0.0,0.0,0.0,0,0,0,"10,000",0,0,0,"10,000",0,"10,000","10,000"
71216U,IET國票49售03,0,0,0,0.0,0.0,0.0,0,0,0,"20,000",0,0,0,"20,000",0,"20,000","20,000"
71219U,群聯國票49售01,0,0,0,0.0,0.0,0.0,0,0,0,"5,000",0,0,0,"5,000",0,"5,000","5,000"
71221U,元太元大48售05,0,0,0,0.0,0.0,0.0,0,0,0,"1,000",0,0,0,"1,000",0,"1,000","1,000"
71225U,世界元大48售02,0,0,0,0.0,0.0,0.0,0,0,0,"8,000",0,0,0,"8,000",0,"8,000","8,000"
71227U,信驊凱基48售03,0,0,0,0.0,0.0,0.0,0,0,0,"4,000",0,0,0,"4,000",0,"4,000","4,000"
71238U,新復興永豐4A售01,0,0,0,0.0,0.0,0.0,0,0,0,"1,000",0,0,0,"1,000",0,"1,000","1,000"
71247U,萬潤凱基48售04,0,0,0,0.0,0.0,0.0,0,0,0,"10,000",0,0,0,"10,000",0,"10,000","10,000"
71248U,欣銓元富48售06,0,0,0,0.0,0.0,0.0,0,0,0,"1,000",0,0,0,"1,000",0,"1,000","1,000"
71250U,昇達科永豐49售03,0,0,0,0.0,0.0,0.0,0,0,0,"2,000",0,0,0,"2,000",0,"2,000","2,000"
71255U,群聯元富48售02,0,0,0,0.0,0.0,0.0,0,0,0,"2,000",0,0,0,"2,000",0,"2,000","2,000"
71256U,新復興永豐4A售02,0,0,0,0.0,0.0,0.0,0,0,0,"5,000",0,0,0,"5,000",0,"5,000","5,000"
71270U,波若威永豐4C售02,0,0,0,0.0,0.0,0.0,0,0,0,"8,000",0,0,0,"8,000",0,"8,000","8,000"
71271U,旺矽元富49售04,0,0,0,0.0,0.0,0.0,0,0,0,"6,000",0,0,0,"6,000",0,"6,000","6,000"
71272U,原相元富49售02,0,0,0,0.0,0.0,0.0,0,0,0,"2,000",0,0,0,"2,000",0,"2,000","2,000"
71279U,欣銓群益49售03,0,0,0,0.0,0.0,0.0,0,0,0,"8,000",0,0,0,"8,000",0,"8,000","8,000"
71281U,元太元富49售02,0,0,0,0.0,0.0,0.0,0,0,0,"5,000",0,0,0,"5,000",0,"5,000","5,000"
71282U,順達元富49售04,0,0,0,0.0,0.0,0.0,0,0,0,"8,000",0,0,0,"8,000",0,"8,000","8,000"
71287U,原相群益52售01,0,0,0,0.0,0.0,0.0,0,0,0,"2,000",0,0,0,"2,000",0,"2,000","2,000"
71289U,雙鴻群益49售02,0,0,0,0.0,0.0,0.0,0,0,0,"1,000",0,0,0,"1,000",0,"1,000","1,000"
71306U,大綜國票49售03,0,0,0,0.0,0.0,0.0,0,0,0,"147,000",0,0,0,"147,000",0,"147,000","147,000"
71327U,力旺元富4A售06,0,0,0,0.0,0.0,0.0,0,0,0,"40,000",0,0,0,"40,000",0,"40,000","40,000"
71331U,鈊象元大49售26,0,0,0,0.0,0.0,0.0,0,0,0,"1,000",0,0,0,"1,000",0,"1,000","1,000"
71333U,千附精國票4A售01,0,0,0,0.0,0.0,0.0,0,0,0,"9,000",0,0,0,"9,000",0,"9,000","9,000"
71335U,艾訊國票4A售03,0,0,0,0.0,0.0,0.0,0,0,0,"2,000",0,0,0,"2,000",0,"2,000","2,000"
71342U,鈊象國票4A售03,0,0,0,0.0,0.0,0.0,0,0,0,"3,000",0,0,0,"3,000",0,"3,000","3,000"
71344U,雙鴻元富49售02,0,0,0,0.0,0.0,0.0,0,0,0,"5,000",0,0,0,"5,000",0,"5,000","5,000"
71346U,旺矽元大49售05,0,0,0,0.0,0.0,0.0,0,0,0,"16,000",0,0,0,"16,000",0,"16,000","16,000"
71348U,加百裕元富49售03,0,0,0,0.0,0.0,0.0,0,0,0,"8,000",0,0,0,"8,000",0,"8,000","8,000"
71349U,波若威群益4C售01,0,0,0,0.0,0.0,0.0,0,0,0,"4,000",0,0,0,"4,000",0,"4,000","4,000"
71374U,穩懋凱基49售01,0,0,0,0.0,0.0,0.0,0,0,0,"4,000",0,0,0,"4,000",0,"4,000","4,000"
714513,華星光統一46購03,0,0,0,0.0,0.0,0.0,0,0,0,"-1,000",0,0,0,0,"1,000","-1,000","-1,000"
714761,雙鴻統一44購02,0,0,0,0.0,0.0,0.0,0,0,0,"-10,000",0,0,0,0,"10,000","-10,000","-10,000"
715076,波若威統一49購01,0,0,0,0.0,0.0,0.0,0,0,0,"-1,000",0,0,0,0,"1,000","-1,000","-1,000"
715531,擎邦元富48購01,0,0,0,0.0,0.0,0.0,0,0,0,"-1,597,000",0,0,0,0,"1,597,000","-1,597,000","-1,597,000"
717784,弘塑統一4A購01,0,0,0,0.0,0.0,0.0,0,0,0,"-7,000",0,0,0,0,"7,000","-7,000","-7,000"
718387,精測統一45購01,0,0,0,0.0,0.0,0.0,0,0,0,"-1,000",0,0,0,0,"1,000","-1,000","-1,000"
718939,群聯統一45購04,0,0,0,0.0,0.0,0.0,0,0,0,"-20,000",0,0,0,0,"20,000","-20,000","-20,000"
719750,千附精統一46購01,0,0,0,0.0,0.0,0.0,0,0,0,"-1,000",0,0,0,0,"1,000","-1,000","-1,000"
720192,富喬統一48購01,0,0,0,0.0,0.0,0.0,0,0,0,"-53,000",0,0,0,0,"53,000","-53,000","-53,000"
720328,正德富邦46購01,0,0,0,0.0,0.0,0.0,0,0,0,"-51,000",0,0,0,0,"51,000","-51,000","-51,000"
720464,智擎元富46購01,0,0,0,0.0,0.0,0.0,0,0,0,"-8,000",0,0,0,0,"8,000","-8,000","-8,000"
720866,鈊象國票49購01,0,0,0,0.0,0.0,0.0,0,0,0,"-32,000",0,0,0,0,"32,000","-32,000","-32,000"
720896,鈊象元大47購01,0,0,0,0.0,0.0,0.0,0,0,0,"-2,000",0,0,0,0,"2,000","-2,000","-2,000"
720905,元債20凱基45購01,0,0,0,0.0,0.0,0.0,0,0,0,"101,000",0,0,0,"101,000",0,"101,000","101,000"
720983,波若威統一4B購02,0,0,0,0.0,0.0,0.0,0,0,0,"-1,000",0,0,0,0,"1,000","-1,000","-1,000"
721523,元債20凱基45購02,0,0,0,0.0,0.0,0.0,0,0,0,"61,000",0,0,0,"61,000",0,"61,000","61,000"
721704,精材統一47購02,0,0,0,0.0,0.0,0.0,0,0,0,"-10,000",0,0,0,0,"10,000","-10,000","-10,000"
722007,龍巖統一47購01,0,0,0,0.0,0.0,0.0,0,0,0,"-264,000",0,0,0,"26,000","290,000","-264,000","-264,000"
722093,大樹群益47購01,0,0,0,0.0,0.0,0.0,0,0,0,"-205,000",0,0,0,0,"205,000","-205,000","-205,000"
722215,國債20群益51購01,0,0,0,0.0,0.0,0.0,0,0,0,"413,000",0,0,0,"413,000",0,"413,000","413,000"
722322,順達國票47購01,0,0,0,0.0,0.0,0.0,0,0,0,"-1,000",0,0,0,0,"1,000","-1,000","-1,000"
722359,信驊統一46購02,0,0,0,0.0,0.0,0.0,0,0,0,"-11,000",0,0,0,0,"11,000","-11,000","-11,000"
722528,智擎統一46購02,0,0,0,0.0,0.0,0.0,0,0,0,"-1,000",0,0,0,0,"1,000","-1,000","-1,000"
722690,穩懋統一48購01,0,0,0,0.0,0.0,0.0,0,0,0,"-1,218,000",0,0,0,0,"1,218,000","-1,218,000","-1,218,000"
722816,元債20元大45購02,0,0,0,0.0,0.0,0.0,0,0,0,"-50,000",0,0,0,0,"50,000","-50,000","-50,000"
722912,雙鴻統一4C購02,0,0,0,0.0,0.0,0.0,0,0,0,"-1,000",0,0,0,0,"1,000","-1,000","-1,000"
723125,精剛元富48購01,0,0,0,0.0,0.0,0.0,0,0,0,"-10,000",0,0,0,0,"10,000","-10,000","-10,000"
723173,國債20元大45購01,0,0,0,0.0,0.0,0.0,0,0,0,"100,000",0,0,0,"100,000",0,"100,000","100,000"
723248,環球晶統一48購01,0,0,0,0.0,0.0,0.0,0,0,0,"-10,000",0,0,0,0,"10,000","-10,000","-10,000"
723266,信驊群益48購01,0,0,0,0.0,0.0,0.0,0,0,0,"-3,000",0,0,0,0,"3,000","-3,000","-3,000"
723288,巨有統一58購02,0,0,0,0.0,0.0,0.0,0,0,0,"-1,000",0,0,0,0,"1,000","-1,000","-1,000"
723289,巨有統一58購03,0,0,0,0.0,0.0,0.0,0,0,0,"-1,000",0,0,0,0,"1,000","-1,000","-1,000"
723351,原相元大44購02,0,0,0,0.0,0.0,0.0,0,0,0,"-1,000",0,0,0,0,"1,000","-1,000","-1,000"
723361,台燿元富48購01,0,0,0,0.0,0.0,0.0,0,0,0,"-10,000",0,0,0,0,"10,000","-10,000","-10,000"
723462,耀勝統一4C購01,0,0,0,0.0,0.0,0.0,0,0,0,"100,000",0,0,0,"100,000",0,"100,000","100,000"
723477,精測富邦44購01,0,0,0,0.0,0.0,0.0,0,0,0,"-1,000",0,0,0,0,"1,000","-1,000","-1,000"
723555,國債20國票48購01,0,0,0,0.0,0.0,0.0,0,0,0,"10,000",0,0,0,"10,000",0,"10,000","10,000"
723607,信驊統一53購01,0,0,0,0.0,0.0,0.0,0,0,0,"-1,000",0,0,0,0,"1,000","-1,000","-1,000"
723622,元債20富邦46購01,0,0,0,0.0,0.0,0.0,0,0,0,"2,000",0,0,0,"2,000",0,"2,000","2,000"
723660,創惟國票46購01,0,0,0,0.0,0.0,0.0,0,0,0,"-1,000",0,0,0,0,"1,000","-1,000","-1,000"
723744,元債20元大46購02,0,0,0,0.0,0.0,0.0,0,0,0,"-50,000",0,0,0,0,"50,000","-50,000","-50,000"
723780,廣運元富59購01,0,0,0,0.0,0.0,0.0,0,0,0,"-100,000",0,0,0,0,"100,000","-100,000","-100,000"
723960,國債20元大45購02,0,0,0,0.0,0.0,0.0,0,0,0,"-450,000",0,0,0,0,"450,000","-450,000","-450,000"
723961,國債20元大46購01,0,0,0,0.0,0.0,0.0,0,0,0,"-629,000",0,0,0,0,"629,000","-629,000","-629,000"
724012,旺矽統一49購05,0,0,0,0.0,0.0,0.0,0,0,0,"-9,000",0,0,0,0,"9,000","-9,000","-9,000"
724063,波若威統一59購03,0,0,0,0.0,0.0,0.0,0,0,0,"-1,000",0,0,0,0,"1,000","-1,000","-1,000"
724205,原相永豐46購01,0,0,0,0.0,0.0,0.0,0,0,0,"-20,000",0,0,0,0,"20,000","-20,000","-20,000"
724238,國債20群益46購01,0,0,0,0.0,0.0,0.0,0,0,0,"30,000",0,0,0,"30,000",0,"30,000","30,000"
724320,台燿凱基49購01,0,0,0,0.0,0.0,0.0,0,0,0,"-10,000",0,0,0,0,"10,000","-10,000","-10,000"
724390,聖暉*元富49購01,0,0,0,0.0,0.0,0.0,0,0,0,"-1,000",0,0,0,0,"1,000","-1,000","-1,000"
724582,鈊象元大48購01,0,0,0,0.0,0.0,0.0,0,0,0,"-10,000",0,0,0,0,"10,000","-10,000","-10,000"
724809,元債20元大47購01,0,0,0,0.0,0.0,0.0,0,0,0,"-22,000",0,0,0,"11,000","33,000","-22,000","-22,000"
724978,鈊象統一56購01,0,0,0,0.0,0.0,0.0,0,0,0,"-1,000",0,0,0,0,"1,000","-1,000","-1,000"
725005,原相國票47購01,0,0,0,0.0,0.0,0.0,0,0,0,"-20,000",0,0,0,0,"20,000","-20,000","-20,000"
725148,國債20國票46購02,0,0,0,0.0,0.0,0.0,0,0,0,"1,000",0,0,0,"1,000",0,"1,000","1,000"
725264,雙鴻中信48購01,0,0,0,0.0,0.0,0.0,0,0,0,"-10,000",0,0,0,0,"10,000","-10,000","-10,000"
725421,廣明富邦46購01,0,0,0,0.0,0.0,0.0,0,0,0,"-99,000",0,0,0,0,"99,000","-99,000","-99,000"
725652,力旺中信47購01,0,0,0,0.0,0.0,0.0,0,0,0,"-20,000",0,0,0,0,"20,000","-20,000","-20,000"
725757,世界富邦46購02,0,0,0,0.0,0.0,0.0,0,0,0,"-130,000",0,0,0,0,"130,000","-130,000","-130,000"
725773,信驊凱基47購01,0,0,0,0.0,0.0,0.0,0,0,0,"-40,000",0,0,0,0,"40,000","-40,000","-40,000"
725785,國債20國票46購03,0,0,0,0.0,0.0,0.0,0,0,0,"20,000",0,0,0,"20,000",0,"20,000","20,000"
725786,國債20國票47購02,0,0,0,0.0,0.0,0.0,0,0,0,"170,000",0,0,0,"170,000",0,"170,000","170,000"
725821,群ESG元大45購01,0,0,0,0.0,0.0,0.0,0,0,0,"43,000",0,0,0,"50,000","7,000","43,000","43,000"
725847,振曜永豐46購03,0,0,0,0.0,0.0,0.0,0,0,0,"-19,000",0,0,0,0,"19,000","-19,000","-19,000"
725868,旺矽富邦46購01,0,0,0,0.0,0.0,0.0,0,0,0,0,0,0,0,"96,000","96,000",0,0
725893,旺矽中信47購01,0,0,0,0.0,0.0,0.0,0,0,0,"-20,000",0,0,0,0,"20,000","-20,000","-20,000"
725968,元債20國票44購01,0,0,0,0.0,0.0,0.0,0,0,0,"28,000",0,0,0,"28,000",0,"28,000","28,000"
726006,元債20凱基45購03,0,0,0,0.0,0.0,0.0,0,0,0,"1,000",0,0,0,"1,000",0,"1,000","1,000"
726041,聖暉*元富4A購01,0,0,0,0.0,0.0,0.0,0,0,0,"-2,000",0,0,0,0,"2,000","-2,000","-2,000"
726156,元債20元大46購03,0,0,0,0.0,0.0,0.0,0,0,0,"-10,000",0,0,0,0,"10,000","-10,000","-10,000"
726157,元債20元大49購01,0,0,0,0.0,0.0,0.0,0,0,0,"-151,000",0,0,0,0,"151,000","-151,000","-151,000"
726165,國債20元大46購02,0,0,0,0.0,0.0,0.0,0,0,0,"27,000",0,0,0,"63,000","36,000","27,000","27,000"
726166,國債20元大47購01,0,0,0,0.0,0.0,0.0,0,0,0,"-214,000",0,0,0,"205,000","419,000","-214,000","-214,000"
726167,國債20元大48購01,0,0,0,0.0,0.0,0.0,0,0,0,"-179,000",0,0,0,0,"179,000","-179,000","-179,000"
726194,元債20元富5B購01,0,0,0,0.0,0.0,0.0,0,0,0,"-20,000",0,0,0,0,"20,000","-20,000","-20,000"
726201,台燿群益47購01,0,0,0,0.0,0.0,0.0,0,0,0,"-1,000",0,0,0,0,"1,000","-1,000","-1,000"
726257,寶雅凱基45購01,0,0,0,0.0,0.0,0.0,0,0,0,"-10,000",0,0,0,0,"10,000","-10,000","-10,000"
726319,精測統一4B購01,0,0,0,0.0,0.0,0.0,0,0,0,"-1,000",0,0,0,0,"1,000","-1,000","-1,000"
726328,國債20群益47購02,0,0,0,0.0,0.0,0.0,0,0,0,0,0,0,0,"20,000","20,000",0,0
726334,威剛兆豐4B購01,0,0,0,0.0,0.0,0.0,0,0,0,"-2,000",0,0,0,0,"2,000","-2,000","-2,000"
726357,富喬國票46購01,0,0,0,0.0,0.0,0.0,0,0,0,"-20,000",0,0,0,0,"20,000","-20,000","-20,000"
726360,同致統一55購01,0,0,0,0.0,0.0,0.0,0,0,0,"-8,000",0,0,0,0,"8,000","-8,000","-8,000"
726417,譜瑞兆豐4B購01,0,0,0,0.0,0.0,0.0,0,0,0,"-100,000",0,0,0,0,"100,000","-100,000","-100,000"
726478,順達國票46購01,0,0,0,0.0,0.0,0.0,0,0,0,"-2,000",0,0,0,0,"2,000","-2,000","-2,000"
726522,元債20元大47購02,0,0,0,0.0,0.0,0.0,0,0,0,"-91,000",0,0,0,"21,000","112,000","-91,000","-91,000"
726523,元債20元大48購01,0,0,0,0.0,0.0,0.0,0,0,0,"-293,000",0,0,0,"61,000","354,000","-293,000","-293,000"
726524,元債20元大48購02,0,0,0,0.0,0.0,0.0,0,0,0,"5,000",0,0,0,"5,000",0,"5,000","5,000"
726536,系統電國票46購01,0,0,0,0.0,0.0,0.0,0,0,0,"-5,000",0,0,0,0,"5,000","-5,000","-5,000"
726577,元債20群益47購02,0,0,0,0.0,0.0,0.0,0,0,0,"10,000",0,0,0,"10,000",0,"10,000","10,000"
726638,順達國票46購02,0,0,0,0.0,0.0,0.0,0,0,0,"-3,000",0,0,0,0,"3,000","-3,000","-3,000"
726665,環球晶國票46購01,0,0,0,0.0,0.0,0.0,0,0,0,"-75,000",0,0,0,0,"75,000","-75,000","-75,000"
726705,順達群益47購01,0,0,0,0.0,0.0,0.0,0,0,0,"-5,000",0,0,0,0,"5,000","-5,000","-5,000"
726726,鈊象元富48購02,0,0,0,0.0,0.0,0.0,0,0,0,"-10,000",0,0,0,0,"10,000","-10,000","-10,000"
726774,正德國票45購01,0,0,0,0.0,0.0,0.0,0,0,0,"-35,000",0,0,0,0,"35,000","-35,000","-35,000"
726822,雙鴻國票46購03,0,0,0,0.0,0.0,0.0,0,0,0,"-125,000",0,0,0,0,"125,000","-125,000","-125,000"
726836,濱川元大45購02,0,0,0,0.0,0.0,0.0,0,0,0,"-10,000",0,0,0,0,"10,000","-10,000","-10,000"
726955,國債20群益4C購01,0,0,0,0.0,0.0,0.0,0,0,0,"33,000",0,0,0,"33,000",0,"33,000","33,000"
726988,榮剛永豐46購01,0,0,0,0.0,0.0,0.0,0,0,0,"-1,000",0,0,0,0,"1,000","-1,000","-1,000"
727022,環球晶元大4A購01,0,0,0,0.0,0.0,0.0,0,0,0,"-5,000",0,0,0,0,"5,000","-5,000","-5,000"
727097,新潤元富46購02,0,0,0,0.0,0.0,0.0,0,0,0,"-1,000",0,0,0,0,"1,000","-1,000","-1,000"
727098,新潤元富46購03,0,0,0,0.0,0.0,0.0,0,0,0,"-1,000",0,0,0,0,"1,000","-1,000","-1,000"
727116,元債20元大4A購01,0,0,0,0.0,0.0,0.0,0,0,0,"100,000",0,0,0,"100,000",0,"100,000","100,000"
727117,元債20元大4C購01,0,0,0,0.0,0.0,0.0,0,0,0,"60,000",0,0,0,"70,000","10,000","60,000","60,000"
727138,雙鴻凱基4A購01,0,0,0,0.0,0.0,0.0,0,0,0,"-264,000",0,0,0,0,"264,000","-264,000","-264,000"
727158,神準元大46購01,0,0,0,0.0,0.0,0.0,0,0,0,"-1,000",0,0,0,0,"1,000","-1,000","-1,000"
727194,環球晶富邦48購02,0,0,0,0.0,0.0,0.0,0,0,0,"-10,000",0,0,0,0,"10,000","-10,000","-10,000"
727246,茂迪永豐46購01,0,0,0,0.0,0.0,0.0,0,0,0,"-5,000",0,0,0,0,"5,000","-5,000","-5,000"
727378,元債20群益46購02,0,0,0,0.0,0.0,0.0,0,0,0,"1,000",0,0,0,"1,000",0,"1,000","1,000"
727404,聖暉*統一54購01,0,0,0,0.0,0.0,0.0,0,0,0,"-5,000",0,0,0,0,"5,000","-5,000","-5,000"
727414,雙鴻富邦4C購01,0,0,0,0.0,0.0,0.0,0,0,0,"-44,000",0,0,0,0,"44,000","-44,000","-44,000"
727500,天品國票4A購01,0,0,0,0.0,0.0,0.0,0,0,0,"-140,000",0,0,0,0,"140,000","-140,000","-140,000"
727529,元債20元大49購02,0,0,0,0.0,0.0,0.0,0,0,0,"10,000",0,0,0,"10,000",0,"10,000","10,000"
727530,元債20元大4B購01,0,0,0,0.0,0.0,0.0,0,0,0,"-47,000",0,0,0,"16,000","63,000","-47,000","-47,000"
727555,力旺富邦49購01,0,0,0,0.0,0.0,0.0,0,0,0,"-3,000",0,0,0,0,"3,000","-3,000","-3,000"
727590,國金10元大49購01,0,0,0,0.0,0.0,0.0,0,0,0,"-270,000",0,0,0,0,"270,000","-270,000","-270,000"
727592,群ESG元大4A購01,0,0,0,0.0,0.0,0.0,0,0,0,"-25,000",0,0,0,0,"25,000","-25,000","-25,000"
727692,世禾國票48購01,0,0,0,0.0,0.0,0.0,0,0,0,0,0,0,0,"200,000","200,000",0,0
727722,元太永豐47購01,0,0,0,0.0,0.0,0.0,0,0,0,"-1,000",0,0,0,0,"1,000","-1,000","-1,000"
727734,大綜凱基46購02,0,0,0,0.0,0.0,0.0,0,0,0,"-1,000",0,0,0,0,"1,000","-1,000","-1,000"
727749,龍巖群益46購01,0,0,0,0.0,0.0,0.0,0,0,0,"-17,000",0,0,0,"5,000","22,000","-17,000","-17,000"
727758,龍巖凱基46購01,0,0,0,0.0,0.0,0.0,0,0,0,"-20,000",0,0,0,0,"20,000","-20,000","-20,000"
727814,倉和國泰48購01,0,0,0,0.0,0.0,0.0,0,0,0,"-100,000",0,0,0,0,"100,000","-100,000","-100,000"
727847,中光電富邦47購01,0,0,0,0.0,0.0,0.0,0,0,0,"-1,000",0,0,0,0,"1,000","-1,000","-1,000"
727854,立碁群益48購02,0,0,0,0.0,0.0,0.0,0,0,0,"-30,000",0,0,0,0,"30,000","-30,000","-30,000"
727882,振曜元大4A購01,0,0,0,0.0,0.0,0.0,0,0,0,"-5,000",0,0,0,0,"5,000","-5,000","-5,000"
727886,國債20元大49購01,0,0,0,0.0,0.0,0.0,0,0,0,"-10,000",0,0,0,0,"10,000","-10,000","-10,000"
727887,國債20元大4A購01,0,0,0,0.0,0.0,0.0,0,0,0,"-137,000",0,0,0,0,"137,000","-137,000","-137,000"
727888,國債20元大4C購01,0,0,0,0.0,0.0,0.0,0,0,0,"-379,000",0,0,0,0,"379,000","-379,000","-379,000"
727929,元太統一4C購02,0,0,0,0.0,0.0,0.0,0,0,0,"-6,000",0,0,0,0,"6,000","-6,000","-6,000"
727949,昇達科元大49購02,0,0,0,0.0,0.0,0.0,0,0,0,"-1,000",0,0,0,0,"1,000","-1,000","-1,000"
727995,寶雅凱基46購01,0,0,0,0.0,0.0,0.0,0,0,0,"-6,000",0,0,0,0,"6,000","-6,000","-6,000"
728002,金麗科統一56購01,0,0,0,0.0,0.0,0.0,0,0,0,"-30,000",0,0,0,0,"30,000","-30,000","-30,000"
728010,新門永豐49購01,0,0,0,0.0,0.0,0.0,0,0,0,"-20,000",0,0,0,0,"20,000","-20,000","-20,000"
728014,巨有群益48購01,0,0,0,0.0,0.0,0.0,0,0,0,"-20,000",0,0,0,0,"20,000","-20,000","-20,000"
728043,龍巖永豐47購01,0,0,0,0.0,0.0,0.0,0,0,0,"-82,000",0,0,0,0,"82,000","-82,000","-82,000"
728068,雙鴻國票47購06,0,0,0,0.0,0.0,0.0,0,0,0,"-238,000",0,0,0,0,"238,000","-238,000","-238,000"
728111,精材群益46購04,0,0,0,0.0,0.0,0.0,0,0,0,"-50,000",0,0,0,0,"50,000","-50,000","-50,000"
728190,神準國票47購05,0,0,0,0.0,0.0,0.0,0,0,0,"-1,000",0,0,0,0,"1,000","-1,000","-1,000"
728191,健喬國票47購01,0,0,0,0.0,0.0,0.0,0,0,0,"-18,000",0,0,0,0,"18,000","-18,000","-18,000"
728208,大綜中信49購02,0,0,0,0.0,0.0,0.0,0,0,0,"-10,000",0,0,0,0,"10,000","-10,000","-10,000"
728244,中光電國票47購02,0,0,0,0.0,0.0,0.0,0,0,0,"-40,000",0,0,0,0,"40,000","-40,000","-40,000"
728247,系統電國票4B購01,0,0,0,0.0,0.0,0.0,0,0,0,"-6,000",0,0,0,0,"6,000","-6,000","-6,000"
728286,信驊群益47購03,0,0,0,0.0,0.0,0.0,0,0,0,"-200,000",0,0,0,0,"200,000","-200,000","-200,000"
728296,台燿元大47購01,0,0,0,0.0,0.0,0.0,0,0,0,"-11,000",0,0,0,0,"11,000","-11,000","-11,000"
728342,大江群益49購01,0,0,0,0.0,0.0,0.0,0,0,0,"-10,000",0,0,0,0,"10,000","-10,000","-10,000"
728357,茂綸國泰48購01,0,0,0,0.0,0.0,0.0,0,0,0,"-10,000",0,0,0,0,"10,000","-10,000","-10,000"
728412,大江永豐4A購01,0,0,0,0.0,0.0,0.0,0,0,0,"-1,000",0,0,0,0,"1,000","-1,000","-1,000"
728420,國債20永豐57購01,0,0,0,0.0,0.0,0.0,0,0,0,"-10,000",0,0,0,0,"10,000","-10,000","-10,000"
728421,捷流永豐4A購01,0,0,0,0.0,0.0,0.0,0,0,0,"6,000",0,0,0,"6,000",0,"6,000","6,000"
728427,元債20凱基48購04,0,0,0,0.0,0.0,0.0,0,0,0,"-1,000",0,0,0,0,"1,000","-1,000","-1,000"
728440,天品群益47購01,0,0,0,0.0,0.0,0.0,0,0,0,"-237,000",0,0,0,0,"237,000","-237,000","-237,000"
728460,東洋國票48購01,0,0,0,0.0,0.0,0.0,0,0,0,"-51,000",0,0,0,0,"51,000","-51,000","-51,000"
728471,廣運國票48購01,0,0,0,0.0,0.0,0.0,0,0,0,"-740,000",0,0,0,0,"740,000","-740,000","-740,000"
728472,環球晶國票48購01,0,0,0,0.0,0.0,0.0,0,0,0,"-2,000",0,0,0,0,"2,000","-2,000","-2,000"
728483,聖暉*元大4A購01,0,0,0,0.0,0.0,0.0,0,0,0,"-10,000",0,0,0,0,"10,000","-10,000","-10,000"
728496,世豐國票48購01,0,0,0,0.0,0.0,0.0,0,0,0,"-499,000",0,0,0,0,"499,000","-499,000","-499,000"
728503,寬宏國票48購01,0,0,0,0.0,0.0,0.0,0,0,0,"-102,000",0,0,0,0,"102,000","-102,000","-102,000"
728588,均華統一51購01,0,0,0,0.0,0.0,0.0,0,0,0,"-2,000",0,0,0,0,"2,000","-2,000","-2,000"
728642,家登元富48購01,0,0,0,0.0,0.0,0.0,0,0,0,"-110,000",0,0,0,0,"110,000","-110,000","-110,000"
728646,璟德元富51購01,0,0,0,0.0,0.0,0.0,0,0,0,"-5,000",0,0,0,0,"5,000","-5,000","-5,000"
728724,元債20元大4A購02,0,0,0,0.0,0.0,0.0,0,0,0,"-1,000",0,0,0,0,"1,000","-1,000","-1,000"
728813,茂達群益48購01,0,0,0,0.0,0.0,0.0,0,0,0,"-40,000",0,0,0,0,"40,000","-40,000","-40,000"
728850,旺矽統一51購01,0,0,0,0.0,0.0,0.0,0,0,0,"-1,000",0,0,0,0,"1,000","-1,000","-1,000"
728920,元債20元富61購01,0,0,0,0.0,0.0,0.0,0,0,0,"-2,000",0,0,0,0,"2,000","-2,000","-2,000"
728931,系統電群益47購02,0,0,0,0.0,0.0,0.0,0,0,0,"-10,000",0,0,0,0,"10,000","-10,000","-10,000"
728957,友輝永豐4A購01,"7,000",0,"7,000",0.0,0.0,0.0,0,0,0,"-7,000",0,0,0,0,"7,000","-7,000",0
728973,高端凱基48購01,0,0,0,0.0,0.0,0.0,0,0,0,"-1,000",0,0,0,0,"1,000","-1,000","-1,000"
729030,昇達科統一51購03,0,0,0,0.0,0.0,0.0,0,0,0,"-1,000",0,0,0,0,"1,000","-1,000","-1,000"
729086,環球晶凱基47購03,0,0,0,0.0,0.0,0.0,0,0,0,"-4,000",0,0,0,0,"4,000","-4,000","-4,000"
729108,昇達科元大47購05,0,0,0,0.0,0.0,0.0,0,0,0,"-5,000",0,0,0,0,"5,000","-5,000","-5,000"
729134,高端元富47購01,0,0,0,0.0,0.0,0.0,0,0,0,"-1,000",0,0,0,0,"1,000","-1,000","-1,000"
729138,高端元富51購01,0,0,0,0.0,0.0,0.0,0,0,0,"-3,000",0,0,0,0,"3,000","-3,000","-3,000"
729166,寬宏國票47購01,0,0,0,0.0,0.0,0.0,0,0,0,"-1,000",0,0,0,0,"1,000","-1,000","-1,000"
729184,華星光統一51購03,0,0,0,0.0,0.0,0.0,0,0,0,"-20,000",0,0,0,0,"20,000","-20,000","-20,000"
729214,旺矽群益4B購01,0,0,0,0.0,0.0,0.0,0,0,0,"-20,000",0,0,0,0,"20,000","-20,000","-20,000"
729222,環球晶群益48購01,0,0,0,0.0,0.0,0.0,0,0,0,"-30,000",0,0,0,0,"30,000","-30,000","-30,000"
729245,聖暉*國票48購02,0,0,0,0.0,0.0,0.0,0,0,0,"-20,000",0,0,0,0,"20,000","-20,000","-20,000"
729260,台特化中信48購01,0,0,0,0.0,0.0,0.0,0,0,0,"-10,000",0,0,0,0,"10,000","-10,000","-10,000"
729325,台特化群益47購02,0,0,0,0.0,0.0,0.0,0,0,0,"-10,000",0,0,0,0,"10,000","-10,000","-10,000"
729339,振曜凱基47購03,0,0,0,0.0,0.0,0.0,0,0,0,"-2,000",0,0,0,0,"2,000","-2,000","-2,000"
729425,群ESG元大52購01,0,0,0,0.0,0.0,0.0,0,0,0,"-3,000",0,0,0,0,"3,000","-3,000","-3,000"
729426,群ESG元大58購01,0,0,0,0.0,0.0,0.0,0,0,0,"-90,000",0,0,0,0,"90,000","-90,000","-90,000"
729486,力旺統一54購02,0,0,0,0.0,0.0,0.0,0,0,0,"-20,000",0,0,0,0,"20,000","-20,000","-20,000"
729493,華星光統一52購01,0,0,0,0.0,0.0,0.0,0,0,0,"-1,000",0,0,0,0,"1,000","-1,000","-1,000"
729515,華星光群益48購04,0,0,0,0.0,0.0,0.0,0,0,0,"-299,000",0,0,0,0,"299,000","-299,000","-299,000"
729540,欣銓永豐49購02,0,0,0,0.0,0.0,0.0,0,0,0,"-1,000",0,0,0,0,"1,000","-1,000","-1,000"
729574,元太國票49購01,0,0,0,0.0,0.0,0.0,0,0,0,"-2,000",0,0,0,0,"2,000","-2,000","-2,000"
729622,欣銓統一51購02,0,0,0,0.0,0.0,0.0,0,0,0,"-10,000",0,0,0,0,"10,000","-10,000","-10,000"
729630,僑威統一52購01,"1,000",0,"1,000",0.0,0.0,0.0,0,0,0,"-1,000",0,0,0,0,"1,000","-1,000",0
729662,擎亞凱基48購01,0,0,0,0.0,0.0,0.0,0,0,0,"-1,000",0,0,0,0,"1,000","-1,000","-1,000"
729688,鈊象元大48購04,0,0,0,0.0,0.0,0.0,0,0,0,"-10,000",0,0,0,0,"10,000","-10,000","-10,000"
729772,大綜國票49購01,0,0,0,0.0,0.0,0.0,0,0,0,"-3,000",0,0,0,0,"3,000","-3,000","-3,000"
729774,友輝國票49購01,0,0,0,0.0,0.0,0.0,0,0,0,"-17,000",0,0,0,0,"17,000","-17,000","-17,000"
729887,廣明統一58購01,0,0,0,0.0,0.0,0.0,0,0,0,"-4,000",0,0,0,0,"4,000","-4,000","-4,000"
729896,元太富邦4A購01,0,0,0,0.0,0.0,0.0,0,0,0,"-5,000",0,0,0,0,"5,000","-5,000","-5,000"
729897,元太富邦4B購01,0,0,0,0.0,0.0,0.0,0,0,0,"-2,000",0,0,0,0,"2,000","-2,000","-2,000"
729898,良維富邦4A購01,0,0,0,0.0,0.0,0.0,0,0,0,"-100,000",0,0,0,0,"100,000","-100,000","-100,000"
729924,環球晶元大48購01,0,0,0,0.0,0.0,0.0,0,0,0,"-11,000",0,0,0,0,"11,000","-11,000","-11,000"
729950,是方國票49購01,0,0,0,0.0,0.0,0.0,0,0,0,"-200,000",0,0,0,0,"200,000","-200,000","-200,000"
729972,湧德統一52購02,0,0,0,0.0,0.0,0.0,0,0,0,"-10,000",0,0,0,0,"10,000","-10,000","-10,000"
730032,環球晶凱基48購02,0,0,0,0.0,0.0,0.0,0,0,0,"-4,000",0,0,0,0,"4,000","-4,000","-4,000"
730081,環球晶群益48購02,0,0,0,0.0,0.0,0.0,0,0,0,"-10,000",0,0,0,0,"10,000","-10,000","-10,000"
730105,大樹凱基48購01,0,0,0,0.0,0.0,0.0,0,0,0,"-10,000",0,0,0,0,"10,000","-10,000","-10,000"
730131,元太統一52購03,0,0,0,0.0,0.0,0.0,0,0,0,"-100,000",0,0,0,0,"100,000","-100,000","-100,000"
730195,天品永豐4B購01,0,0,0,0.0,0.0,0.0,0,0,0,"-3,000",0,0,0,0,"3,000","-3,000","-3,000"
730200,宜鼎富邦49購01,0,0,0,0.0,0.0,0.0,0,0,0,"-7,000",0,0,0,0,"7,000","-7,000","-7,000"
730213,IET元大51購01,0,0,0,0.0,0.0,0.0,0,0,0,"-10,000",0,0,0,0,"10,000","-10,000","-10,000"
730265,環球晶群益4A購01,0,0,0,0.0,0.0,0.0,0,0,0,"-3,000",0,0,0,0,"3,000","-3,000","-3,000"
730301,世界統一52購01,0,0,0,0.0,0.0,0.0,0,0,0,"-5,000",0,0,0,0,"5,000","-5,000","-5,000"
730305,安勤統一52購03,0,0,0,0.0,0.0,0.0,0,0,0,"-1,000",0,0,0,0,"1,000","-1,000","-1,000"
730359,信驊國票4A購01,0,0,0,0.0,0.0,0.0,0,0,0,"-10,000",0,0,0,0,"10,000","-10,000","-10,000"
730430,昇達科凱基4A購01,0,0,0,0.0,0.0,0.0,0,0,0,"-50,000",0,0,0,0,"50,000","-50,000","-50,000"
730432,漢磊凱基49購01,0,0,0,0.0,0.0,0.0,0,0,0,"-1,000",0,0,0,0,"1,000","-1,000","-1,000"
730437,鴻呈凱基48購03,0,0,0,0.0,0.0,0.0,0,0,0,"-1,000",0,0,0,0,"1,000","-1,000","-1,000"
730487,力旺統一52購03,0,0,0,0.0,0.0,0.0,0,0,0,"-45,000",0,0,0,0,"45,000","-45,000","-45,000"
730555,精材統一52購06,0,0,0,0.0,0.0,0.0,0,0,0,"-10,000",0,0,0,0,"10,000","-10,000","-10,000"
730575,原相群益48購09,0,0,0,0.0,0.0,0.0,0,0,0,"-5,000",0,0,0,0,"5,000","-5,000","-5,000"
730623,天品統一52購01,0,0,0,0.0,0.0,0.0,0,0,0,"-15,000",0,0,0,0,"15,000","-15,000","-15,000"
730653,碩禾中信48購01,0,0,0,0.0,0.0,0.0,0,0,0,"-2,000",0,0,0,0,"2,000","-2,000","-2,000"
730697,昇達科元大4A購02,0,0,0,0.0,0.0,0.0,0,0,0,"-10,000",0,0,0,0,"10,000","-10,000","-10,000"
730748,系統電國票49購03,0,0,0,0.0,0.0,0.0,0,0,0,"-2,000",0,0,0,0,"2,000","-2,000","-2,000"
730751,東浦國票49購01,0,0,0,0.0,0.0,0.0,0,0,0,"-10,000",0,0,0,0,"10,000","-10,000","-10,000"
730764,中光電群益48購03,0,0,0,0.0,0.0,0.0,0,0,0,"-10,000",0,0,0,0,"10,000","-10,000","-10,000"
730817,環球晶國票48購02,0,0,0,0.0,0.0,0.0,0,0,0,"-28,000",0,0,0,0,"28,000","-28,000","-28,000"
730882,營邦凱基48購03,0,0,0,0.0,0.0,0.0,0,0,0,"-2,000",0,0,0,0,"2,000","-2,000","-2,000"
730939,元太群益48購04,0,0,0,0.0,0.0,0.0,0,0,0,"-1,000",0,0,0,0,"1,000","-1,000","-1,000"
730973,金麗科中信49購01,0,0,0,0.0,0.0,0.0,0,0,0,"-110,000",0,0,0,0,"110,000","-110,000","-110,000"
731063,元債20元大59購01,0,0,0,0.0,0.0,0.0,0,0,0,"-17,000",0,0,0,"1,000","18,000","-17,000","-17,000"
731068,良維元大49購04,0,0,0,0.0,0.0,0.0,0,0,0,"-5,000",0,0,0,0,"5,000","-5,000","-5,000"
731099,波若威富邦4A購02,0,0,0,0.0,0.0,0.0,0,0,0,"-20,000",0,0,0,0,"20,000","-20,000","-20,000"
731104,波若威群益49購02,0,0,0,0.0,0.0,0.0,0,0,0,"-1,000",0,0,0,0,"1,000","-1,000","-1,000"
731165,波若威統一53購02,0,0,0,0.0,0.0,0.0,0,0,0,"-4,000",0,0,0,0,"4,000","-4,000","-4,000"
731259,順達統一53購04,0,0,0,0.0,0.0,0.0,0,0,0,"-1,000",0,0,0,0,"1,000","-1,000","-1,000"
731368,廣明國票4A購01,0,0,0,0.0,0.0,0.0,0,0,0,"-2,000",0,0,0,0,"2,000","-2,000","-2,000"
731415,環球晶群益4A購02,0,0,0,0.0,0.0,0.0,0,0,0,"-1,000",0,0,0,0,"1,000","-1,000","-1,000"
731416,環球晶群益4B購01,0,0,0,0.0,0.0,0.0,0,0,0,"-1,000",0,0,0,0,"1,000","-1,000","-1,000"
731474,譜瑞富邦4A購02,0,0,0,0.0,0.0,0.0,0,0,0,"-5,000",0,0,0,0,"5,000","-5,000","-5,000"
731535,中美晶元富49購02,0,0,0,0.0,0.0,0.0,0,0,0,"-2,000",0,0,0,0,"2,000","-2,000","-2,000"
731567,環球晶國票4A購01,0,0,0,0.0,0.0,0.0,0,0,0,"-36,000",0,0,0,0,"36,000","-36,000","-36,000"
731678,伯特光國票4A購01,0,0,0,0.0,0.0,0.0,0,0,0,"-2,000",0,0,0,0,"2,000","-2,000","-2,000"
731791,力旺國票49購02,0,0,0,0.0,0.0,0.0,0,0,0,"-179,000",0,0,0,0,"179,000","-179,000","-179,000"
731801,力旺群益49購01,0,0,0,0.0,0.0,0.0,0,0,0,"-149,000",0,0,0,0,"149,000","-149,000","-149,000"
731818,鈊象富邦4A購01,0,0,0,0.0,0.0,0.0,0,0,0,"-5,000",0,0,0,0,"5,000","-5,000","-5,000"
731828,宏捷科元富49購01,0,0,0,0.0,0.0,0.0,0,0,0,"-1,000",0,0,0,0,"1,000","-1,000","-1,000"
731877,鈊象統一59購01,0,0,0,0.0,0.0,0.0,0,0,0,"-1,000",0,0,0,0,"1,000","-1,000","-1,000"
731933,威剛永豐4A購02,0,0,0,0.0,0.0,0.0,0,0,0,"-1,000",0,0,0,0,"1,000","-1,000","-1,000"
731955,協易機群益49購01,0,0,0,0.0,0.0,0.0,0,0,0,"-20,000",0,0,0,0,"20,000","-20,000","-20,000"
731983,正德第一49購02,0,0,0,0.0,0.0,0.0,0,0,0,"-1,000",0,0,0,0,"1,000","-1,000","-1,000"
732073,系微國票4A購02,0,0,0,0.0,0.0,0.0,0,0,0,"-2,000",0,0,0,0,"2,000","-2,000","-2,000"
732093,天品群益4B購01,0,0,0,0.0,0.0,0.0,0,0,0,"-28,000",0,0,0,0,"28,000","-28,000","-28,000"
732104,鈊象富邦4A購02,0,0,0,0.0,0.0,0.0,0,0,0,"-10,000",0,0,0,0,"10,000","-10,000","-10,000"
732114,環球晶元大49購02,0,0,0,0.0,0.0,0.0,0,0,0,"-1,000",0,0,0,0,"1,000","-1,000","-1,000"
732169,千附國票4A購01,0,0,0,0.0,0.0,0.0,0,0,0,"-2,000",0,0,0,0,"2,000","-2,000","-2,000"
732181,寶雅國票4A購01,0,0,0,0.0,0.0,0.0,0,0,0,"-18,000",0,0,0,0,"18,000","-18,000","-18,000"
732185,環球晶群益49購04,0,0,0,0.0,0.0,0.0,0,0,0,"-1,000",0,0,0,0,"1,000","-1,000","-1,000"
732186,雙鴻群益49購10,0,0,0,0.0,0.0,0.0,0,0,0,"-2,000",0,0,0,0,"2,000","-2,000","-2,000"
732210,精材國票4A購02,0,0,0,0.0,0.0,0.0,0,0,0,"-50,000",0,0,0,0,"50,000","-50,000","-50,000"
732227,旺矽元大51購01,0,0,0,0.0,0.0,0.0,0,0,0,"-2,000",0,0,0,0,"2,000","-2,000","-2,000"
732241,台燿凱基49購04,0,0,0,0.0,0.0,0.0,0,0,0,"-2,000",0,0,0,0,"2,000","-2,000","-2,000"
732282,千附元大49購01,0,0,0,0.0,0.0,0.0,0,0,0,"-10,000",0,0,0,0,"10,000","-10,000","-10,000"
732331,鑫龍騰國票4B購01,0,0,0,0.0,0.0,0.0,0,0,0,"-20,000",0,0,0,0,"20,000","-20,000","-20,000"
732338,M31群益49購04,0,0,0,0.0,0.0,0.0,0,0,0,"-10,000",0,0,0,0,"10,000","-10,000","-10,000"
732416,鈊象元大49購35,0,0,0,0.0,0.0,0.0,0,0,0,"-1,000",0,0,0,0,"1,000","-1,000","-1,000"
732466,鈊象富邦4A購03,0,0,0,0.0,0.0,0.0,0,0,0,"-300,000",0,0,0,0,"300,000","-300,000","-300,000"
732473,系統電永豐4C購01,0,0,0,0.0,0.0,0.0,0,0,0,"-1,000",0,0,0,0,"1,000","-1,000","-1,000"
732576,雙鴻元大4A購02,0,0,0,0.0,0.0,0.0,0,0,0,"-5,000",0,0,0,0,"5,000","-5,000","-5,000"
共1035筆,,,,,,,,,,,,,,,,,,
*三大法人買賣超股數合計=外資及陸資淨買股數(不含自營商)+投信淨買股數+自營商淨買股數合計,,,,,,,,,,,,,,,,,,
說明：,,,,,,,,,,,,,,,,,,
外資及陸資表示依「華僑及外國人投資證券管理辦法」及「大陸地區投資人來臺從事證券投資及期貨交易管理辦法」辦理登記等投資人。,,,,,,,,,,,,,,,,,,
因外資自營商買賣金額已計入自營商買賣金額，故不納入三大法人買賣金額之合計數計算。,,,,,,,,,,,,,,,,,,
投信表示本國投資信託基金。,,,,,,,,,,,,,,,,,,
自營商表示證券自營商專戶。,,,,,,,,,,,,,,,,,,
本資訊以當日原始成交情形統計，不以證券商申報錯帳、更正帳號等調整後資料統計。,,,,,,,,,,,,,,,,,,
ETF證券代號第六碼為K、C者，表示該ETF以外幣交易，其一交易單位(張)應為100受益權或其整倍數，請詳其公開說明書。,,,,,,,,,,,,,,,,,,
