日期,股票代碼,股票名稱,成交張數,成交筆數,成交金額,開盤價,最高價,最低價,收盤價,本益比,外陸資買賣超張數,投信買賣超張數,自營商買賣超張數
2026-10-07,2636,台驊控股,159.0,212,"11,154,132",70.50,70.50,70.00,70.10,9.96,48,0,5
2026-10-06,2636,台驊控股,153.0,210,"10,780,585",70.10,70.40,69.90,70.10,9.96,-36,0,0
2026-10-05,2636,台驊控股,247.0,288,"17,422,792",70.80,70.80,70.10,70.20,9.97,9,0,0
2026-10-02,2636,台驊控股,145.0,258,"10,283,215",70.70,71.00,70.20,70.80,10.06,7,0,0
2026-10-01,2636,台驊控股,181.0,686,"12,826,787",71.20,71.20,70.30,70.70,10.04,-91,0,28
2026-09-30,2636,台驊控股,323.0,339,"23,087,184",70.40,71.80,70.40,71.70,10.18,58,0,46
2026-09-29,2636,台驊控股,222.0,"2,199","15,733,061",71.90,71.90,70.40,70.40,10.00,-100,0,4
2026-09-24,2636,台驊控股,1009.0,960,"72,361,343",70.80,72.30,70.50,71.90,10.21,478,0,-10
2026-09-23,2636,台驊控股,243.0,394,"17,232,903",70.80,71.20,70.50,70.80,10.06,181,0,-2
2026-09-22,2636,台驊控股,203.0,326,"14,329,352",70.10,70.70,69.70,70.70,10.04,72,0,2
2026-09-21,2636,台驊控股,194.0,756,"13,764,699",71.20,71.20,70.10,70.50,10.01,-9,0,-17
2026-09-18,2636,台驊控股,350.0,745,"24,837,414",71.30,71.30,70.20,71.20,10.11,14,0,7
2026-09-17,2636,台驊控股,672.0,424,"47,579,823",70.20,71.10,69.80,70.90,10.07,191,0,3
2026-09-16,2636,台驊控股,300.0,426,"21,067,493",69.20,70.60,69.20,70.20,9.97,-10,0,67
2026-09-15,2636,台驊控股,233.0,290,"16,130,195",69.80,69.80,68.90,69.20,9.83,-66,0,-1
2026-09-14,2636,台驊控股,347.0,"1,258","24,222,208",70.00,70.70,69.30,69.70,9.90,-189,0,19
2026-09-11,2636,台驊控股,837.0,"1,073","59,458,697",70.80,71.40,70.50,71.20,10.11,377,0,2
2026-09-10,2636,台驊控股,965.0,852,"68,143,387",69.70,71.20,69.70,70.90,10.07,401,0,-4
2026-09-09,2636,台驊控股,255.0,219,"17,573,090",68.70,69.20,68.40,69.20,9.83,66,0,-10
2026-09-08,2636,台驊控股,168.0,311,"11,588,278",69.50,69.50,68.70,68.70,9.76,-37,0,-2
2026-09-07,2636,台驊控股,248.0,259,"17,225,662",69.40,69.70,68.90,69.50,9.87,4,0,12
2026-09-04,2636,台驊控股,432.0,384,"29,893,173",69.80,69.80,68.70,69.40,9.86,25,0,1
2026-09-03,2636,台驊控股,615.0,775,"43,134,990",69.80,71.20,69.50,69.50,9.87,92,0,7
2026-09-02,2636,台驊控股,409.0,621,"28,374,144",69.50,70.00,68.70,69.40,9.86,-11,0,0
2026-09-01,2636,台驊控股,442.0,707,"30,805,026",68.60,70.00,68.60,69.60,9.89,155,0,-11
2026-08-31,2636,台驊控股,757.0,610,"52,520,635",69.20,70.00,68.80,68.80,9.77,-71,0,7
2026-08-28,2636,台驊控股,652.0,"1,357","44,878,855",69.50,69.50,68.10,68.90,9.79,-170,0,20
2026-08-27,2636,台驊控股,806.0,"1,075","56,070,258",69.00,70.60,68.60,69.50,9.87,-45,0,-11
2026-08-26,2636,台驊控股,2045.0,"6,386","145,177,794",74.50,75.20,69.10,69.90,9.93,-448,0,-31
2026-08-25,2636,台驊控股,2639.0,"3,545","198,425,378",74.10,77.00,73.90,74.30,10.55,932,0,16
2026-08-24,2636,台驊控股,3809.0,"10,786","288,721,233",77.40,78.90,73.50,74.60,10.60,-801,0,-1
2026-08-21,2636,台驊控股,2768.0,"3,281","202,626,992",71.10,74.70,70.70,73.30,10.41,425,0,8
2026-08-20,2636,台驊控股,1084.0,"1,896","77,325,287",71.80,72.20,69.20,71.20,10.11,278,0,0
2026-08-19,2636,台驊控股,1397.0,"1,209","98,522,970",69.50,71.30,68.70,71.30,10.13,623,0,24
2026-08-18,2636,台驊控股,674.0,"1,142","47,120,654",70.00,70.70,69.00,69.60,9.89,80,0,0
2026-08-17,2636,台驊控股,897.0,968,"62,217,569",67.90,69.70,67.90,69.60,9.89,446,0,1
2026-08-14,2636,台驊控股,575.0,744,"38,660,354",68.30,68.30,66.50,67.50,9.88,228,0,17
2026-08-13,2636,台驊控股,157.0,610,"10,613,010",68.20,68.20,67.10,67.50,9.88,21,0,2
2026-08-12,2636,台驊控股,171.0,388,"11,667,942",68.30,68.60,67.60,67.60,9.90,-11,0,-14
2026-08-11,2636,台驊控股,855.0,831,"57,969,721",66.20,68.60,66.20,68.10,9.97,283,0,-4
2026-08-10,2636,台驊控股,220.0,251,"14,489,851",65.70,65.80,65.40,65.80,9.63,104,0,1
2026-08-07,2636,台驊控股,162.0,166,"10,616,721",64.60,65.80,64.60,65.20,9.55,99,0,3
2026-08-06,2636,台驊控股,132.0,195,"8,532,055",64.20,64.90,64.20,64.80,9.49,-10,0,2
2026-08-05,2636,台驊控股,406.0,825,"26,402,345",66.00,66.00,64.50,64.50,9.44,-250,0,1
2026-08-04,2636,台驊控股,249.0,456,"16,329,359",65.60,65.90,65.10,65.60,9.60,-26,0,-15
2026-08-03,2636,台驊控股,232.0,312,"15,426,830",66.70,66.70,66.10,66.10,9.68,11,0,-5
2026-07-31,2636,台驊控股,247.0,279,"16,398,112",65.70,66.60,65.60,66.30,9.71,167,0,0
2026-07-30,2636,台驊控股,191.0,243,"12,458,811",65.30,65.60,64.70,65.20,9.55,66,0,1
2026-07-29,2636,台驊控股,475.0,697,"30,975,977",66.00,66.50,64.20,65.60,9.60,148,0,2
2026-07-28,2636,台驊控股,347.0,413,"22,825,255",65.60,65.90,65.20,65.90,9.65,213,0,20
2026-07-27,2636,台驊控股,159.0,215,"10,478,123",66.40,66.40,65.50,65.90,9.65,56,0,2
2026-07-24,2636,台驊控股,172.0,182,"11,317,272",65.50,66.20,65.30,65.70,9.62,74,0,-1
2026-07-23,2636,台驊控股,168.0,529,"11,053,543",65.90,66.30,65.20,65.60,9.60,30,0,0
2026-07-22,2636,台驊控股,339.0,367,"22,283,796",65.20,66.10,65.00,65.80,9.63,177,0,-6
2026-07-21,2636,台驊控股,335.0,362,"21,677,392",63.60,65.10,63.60,65.00,9.52,215,0,-2
2026-07-20,2636,台驊控股,271.0,351,"17,054,897",63.60,63.60,62.20,63.00,9.22,19,0,3
2026-07-17,2636,台驊控股,678.0,722,"42,966,718",63.70,64.00,62.50,62.50,9.15,-270,-42,2
2026-07-16,2636,台驊控股,352.0,481,"22,618,975",64.20,64.40,63.60,64.10,9.39,79,1,-15
2026-07-15,2636,台驊控股,1050.0,"1,052","66,867,936",63.70,64.30,63.20,64.30,9.41,-29,-2,-337
2026-07-14,2636,台驊控股,1171.0,"1,160","80,635,874",69.90,69.90,68.20,68.60,10.04,-391,0,31
2026-07-13,2636,台驊控股,842.0,790,"58,946,144",70.50,71.30,69.40,69.70,10.20,-262,0,-26
2026-07-09,2636,台驊控股,256.0,360,"18,152,829",70.80,71.30,70.40,70.50,10.32,8,0,0
2026-07-08,2636,台驊控股,293.0,495,"20,756,250",70.70,71.30,70.50,70.80,10.37,13,0,0
2026-07-07,2636,台驊控股,426.0,614,"30,150,001",71.60,71.60,70.50,70.70,10.35,-65,0,13
2026-07-06,2636,台驊控股,617.0,493,"44,323,204",71.40,72.20,71.40,71.70,10.50,116,0,-1
2026-07-03,2636,台驊控股,750.0,593,"53,514,853",70.20,71.70,70.20,71.30,10.44,294,1,1
2026-07-02,2636,台驊控股,304.0,289,"21,364,073",70.00,70.50,69.30,70.20,10.28,68,0,0
2026-07-01,2636,台驊控股,201.0,275,"14,064,735",70.50,70.50,69.20,69.80,10.22,-6,0,-3
2026-06-30,2636,台驊控股,346.0,352,"24,156,255",69.00,70.20,69.00,70.10,10.26,107,0,0
2026-06-29,2636,台驊控股,284.0,249,"19,655,368",68.50,69.30,68.50,68.90,10.09,80,0,0
2026-06-26,2636,台驊控股,460.0,"1,406","31,677,265",69.60,69.60,68.20,68.20,9.99,-265,0,1
2026-06-25,2636,台驊控股,257.0,268,"18,016,163",69.50,70.10,69.50,69.90,10.23,-4,1,2
2026-06-24,2636,台驊控股,360.0,455,"25,131,328",70.00,70.20,69.40,69.50,10.18,-172,0,0
2026-06-23,2636,台驊控股,296.0,360,"20,798,644",71.00,71.00,70.00,70.00,10.25,-26,0,2
2026-06-22,2636,台驊控股,449.0,378,"31,650,224",70.20,70.70,70.00,70.70,10.35,-8,0,89
2026-06-18,2636,台驊控股,286.0,406,"20,176,390",70.80,71.00,70.10,70.20,10.28,-41,0,13
2026-06-17,2636,台驊控股,229.0,275,"16,153,564",70.50,70.80,69.80,70.50,10.32,-11,0,2
2026-06-16,2636,台驊控股,308.0,390,"21,809,175",71.40,71.40,70.40,70.50,10.32,-13,0,-1
2026-06-15,2636,台驊控股,515.0,632,"36,935,699",72.00,72.40,70.90,71.10,10.41,37,0,106
2026-06-12,2636,台驊控股,637.0,673,"45,565,538",71.30,71.90,70.80,71.20,10.42,286,0,64
2026-06-11,2636,台驊控股,381.0,406,"26,870,617",70.30,71.00,69.80,70.80,10.37,115,0,31
2026-06-10,2636,台驊控股,477.0,493,"33,673,969",70.40,71.00,70.20,70.30,10.29,259,0,8
2026-06-09,2636,台驊控股,439.0,511,"30,988,193",70.00,71.00,70.00,70.40,10.31,21,0,-3
2026-06-08,2636,台驊控股,436.0,496,"30,153,856",67.90,69.90,67.90,69.70,10.20,16,0,30
2026-06-05,2636,台驊控股,731.0,667,"51,497,914",70.40,70.90,69.70,70.70,10.35,262,0,5
2026-06-04,2636,台驊控股,596.0,553,"41,985,686",70.10,70.90,69.80,70.40,10.31,244,0,1
2026-06-03,2636,台驊控股,716.0,668,"50,241,785",69.90,70.60,69.40,70.10,10.26,199,0,1
2026-06-02,2636,台驊控股,613.0,602,"42,515,950",69.50,70.00,68.60,69.80,10.22,-105,0,19
2026-06-01,2636,台驊控股,1180.0,"1,105","81,806,326",68.40,70.20,67.80,69.80,10.22,546,0,-4
2026-05-29,2636,台驊控股,378.0,416,"25,581,697",67.30,67.80,67.20,67.70,9.91,65,0,0
2026-05-28,2636,台驊控股,445.0,406,"29,959,172",66.90,67.60,66.90,67.10,9.82,185,0,0
2026-05-27,2636,台驊控股,351.0,360,"23,541,210",67.00,67.30,66.60,66.90,9.80,97,0,0
2026-05-26,2636,台驊控股,372.0,331,"24,909,854",66.90,67.70,66.70,67.00,9.81,127,0,-8
2026-05-25,2636,台驊控股,535.0,785,"35,862,449",68.10,68.10,66.00,67.10,9.82,-61,0,2
2026-05-22,2636,台驊控股,450.0,504,"29,995,820",65.70,67.20,65.70,67.20,9.84,139,0,0
2026-05-21,2636,台驊控股,276.0,333,"18,042,473",65.10,65.60,65.00,65.50,9.59,-30,0,-1
2026-05-20,2636,台驊控股,247.0,288,"16,035,724",64.90,65.30,64.50,64.80,9.49,-115,0,0
2026-05-19,2636,台驊控股,,,,,,,,,-119,0,0
2026-05-18,2636,台驊控股,591.0,698,"38,139,294",65.30,65.30,64.30,64.60,9.46,-402,0,-2
2026-05-15,2636,台驊控股,1262.0,"1,375","82,944,553",67.20,67.20,65.00,65.30,9.56,-692,0,1
2026-05-14,2636,台驊控股,246.0,294,"16,714,732",67.60,68.10,67.50,67.70,9.91,-15,0,9
2026-05-13,2636,台驊控股,268.0,318,"18,173,359",68.30,68.30,67.50,67.60,8.73,-85,0,2
2026-05-12,2636,台驊控股,265.0,834,"18,140,640",68.40,68.80,68.00,68.10,8.80,25,0,-3
2026-05-11,2636,台驊控股,494.0,465,"33,882,020",67.80,68.80,67.80,68.50,8.85,213,0,0
2026-05-08,2636,台驊控股,400.0,427,"27,169,554",68.20,68.50,67.50,67.70,8.75,-146,0,0
2026-05-07,2636,台驊控股,422.0,413,"28,702,946",68.00,68.30,67.50,68.10,8.80,168,0,-2
2026-05-06,2636,台驊控股,294.0,407,"19,951,291",68.10,68.10,67.40,68.00,8.79,-27,0,2
2026-05-05,2636,台驊控股,314.0,372,"21,320,257",67.60,68.30,67.50,67.70,8.75,104,0,0
2026-05-04,2636,台驊控股,259.0,342,"17,563,902",67.00,68.10,66.90,67.60,8.73,110,0,-6
2026-04-30,2636,台驊控股,154.0,392,"10,369,960",67.10,67.50,66.90,67.10,8.67,-15,0,-2
2026-04-29,2636,台驊控股,136.0,171,"9,183,553",67.20,67.70,67.00,67.10,8.67,39,0,0
2026-04-28,2636,台驊控股,158.0,239,"10,599,982",67.10,67.10,66.70,66.80,8.63,44,0,1
2026-04-27,2636,台驊控股,289.0,381,"19,276,139",67.10,67.10,66.10,66.60,8.60,43,-1,-3
2026-04-24,2636,台驊控股,226.0,341,"15,207,554",67.50,67.50,66.80,67.10,8.67,-11,0,-1
2026-04-23,2636,台驊控股,523.0,861,"35,188,640",68.10,68.50,66.60,67.40,8.71,-175,-1,-1
2026-04-22,2636,台驊控股,366.0,586,"24,891,594",68.40,68.50,67.70,68.00,8.79,89,0,-1
2026-04-21,2636,台驊控股,242.0,454,"16,524,523",68.20,68.60,68.00,68.30,8.82,34,0,-1
2026-04-20,2636,台驊控股,345.0,519,"23,419,308",67.70,68.00,67.20,68.00,8.79,35,43,-5
2026-04-17,2636,台驊控股,281.0,465,"19,147,951",68.90,68.90,67.70,67.70,8.75,-80,0,2
2026-04-16,2636,台驊控股,330.0,"1,099","22,581,234",68.40,68.60,68.00,68.20,8.81,62,0,1
2026-04-15,2636,台驊控股,294.0,348,"20,035,321",67.90,68.40,67.70,68.30,8.82,91,0,1
2026-04-14,2636,台驊控股,235.0,329,"16,010,878",67.50,68.20,67.50,67.90,8.77,11,0,6
2026-04-13,2636,台驊控股,242.0,324,"16,408,518",68.10,68.10,67.20,67.80,8.76,-45,0,3
2026-04-10,2636,台驊控股,230.0,286,"15,714,866",68.20,68.50,68.10,68.10,8.80,31,0,2
2026-04-09,2636,台驊控股,238.0,281,"16,174,685",68.00,68.10,67.60,68.00,8.79,45,0,-15
2026-04-08,2636,台驊控股,537.0,827,"36,667,815",69.10,69.10,67.80,67.80,8.76,-153,0,4
2026-04-07,2636,台驊控股,212.0,655,"14,606,173",69.40,69.40,68.40,68.70,8.88,6,0,0
2026-04-02,2636,台驊控股,207.0,421,"14,271,007",68.50,69.00,68.50,68.90,8.90,25,0,-2
2026-04-01,2636,台驊控股,206.0,640,"14,255,488",69.30,69.30,68.30,69.20,8.94,3,0,6
2026-03-31,2636,台驊控股,305.0,"1,390","21,032,390",69.10,69.60,68.00,68.00,8.79,1,0,-7
2026-03-30,2636,台驊控股,436.0,"1,241","30,359,952",69.00,70.40,68.50,69.10,8.93,-24,0,-6
2026-03-27,2636,台驊控股,311.0,503,"21,363,562",68.50,69.20,68.20,68.90,8.90,132,0,-6
2026-03-26,2636,台驊控股,295.0,740,"20,245,215",69.70,69.70,68.20,68.30,8.82,-95,0,0
2026-03-25,2636,台驊控股,248.0,413,"17,109,105",68.50,69.20,68.50,68.80,8.89,6,0,27
2026-03-24,2636,台驊控股,220.0,449,"15,065,329",68.80,68.90,68.00,68.20,8.81,19,0,0
2026-03-23,2636,台驊控股,397.0,590,"27,060,723",68.50,68.60,67.80,68.30,8.82,17,0,-5
2026-03-20,2636,台驊控股,398.0,909,"27,753,556",70.40,70.80,69.10,69.10,8.93,-97,0,-4
2026-03-19,2636,台驊控股,542.0,692,"38,439,720",70.50,71.10,70.40,70.60,9.12,64,0,0
2026-03-18,2636,台驊控股,466.0,"1,048","32,817,807",70.90,70.90,70.10,70.60,9.12,161,0,10
2026-03-17,2636,台驊控股,618.0,"1,568","43,873,605",71.20,71.70,70.30,70.40,9.10,127,0,-1
2026-03-16,2636,台驊控股,973.0,"1,304","68,730,819",69.00,71.40,68.80,71.00,9.17,373,0,-3
2026-03-13,2636,台驊控股,652.0,892,"45,249,597",69.00,69.90,68.70,69.00,8.91,65,0,-6
2026-03-12,2636,台驊控股,1336.0,"1,600","92,232,952",67.80,70.10,67.10,69.40,8.97,394,0,-9
2026-03-11,2636,台驊控股,1019.0,"1,025","68,351,568",65.00,68.00,65.00,67.60,8.26,511,0,3
2026-03-10,2636,台驊控股,394.0,511,"25,186,920",64.50,65.00,63.20,63.50,7.76,-93,0,-2
2026-03-09,2636,台驊控股,621.0,725,"39,714,073",63.00,64.90,62.10,64.10,7.84,-27,0,-13
2026-03-06,2636,台驊控股,182.0,305,"11,909,136",65.30,66.00,64.60,65.50,8.01,-16,0,0
2026-03-05,2636,台驊控股,508.0,562,"33,422,472",65.70,67.00,65.00,65.80,8.04,-29,0,7
2026-03-04,2636,台驊控股,472.0,647,"31,377,553",67.20,67.20,66.10,66.20,8.09,-204,0,-22
2026-03-03,2636,台驊控股,1854.0,"2,315","126,257,198",66.50,69.50,66.50,68.10,8.33,-132,0,5
2026-03-02,2636,台驊控股,971.0,958,"64,221,483",65.40,67.60,65.30,66.40,8.12,98,0,-2
2026-02-26,2636,台驊控股,364.0,428,"23,502,009",64.40,64.80,64.20,64.30,7.86,-36,0,0
2026-02-25,2636,台驊控股,524.0,571,"33,747,889",64.80,64.90,64.10,64.20,7.85,-122,0,0
2026-02-24,2636,台驊控股,329.0,426,"21,350,052",64.90,65.30,64.60,64.80,7.92,33,0,2
2026-02-23,2636,台驊控股,322.0,421,"20,848,500",64.30,64.90,64.30,64.80,7.92,133,0,10
2026-02-11,2636,台驊控股,280.0,419,"17,908,217",64.10,64.30,63.60,64.10,7.84,-42,0,18
2026-02-10,2636,台驊控股,240.0,383,"15,457,923",64.50,64.50,63.90,64.10,7.84,1,0,1
2026-02-09,2636,台驊控股,277.0,518,"17,942,530",65.50,65.70,64.20,64.40,7.87,-144,0,2
